number_of_trucks,number_of_loaders,total_trips,total_tons,target_completion,average_cycle_time,avg_wait_tare,avg_wait_loader,avg_wait_gross,max_wait_tare,max_wait_loader,max_wait_gross,max_wait_unload,loader_utilization,scale_utilization,unload_utilization,external_scale_load,unload_points,avg_wait_unload
4,1,73,2010.9,57.5,58.3,0.84,1.06,0.26,9.0,17.5,2.5,13.6,46.21,31.04,67.4,0,1,1.54
5,1,86,2364.6,67.6,62.4,1.42,1.11,0.37,12.0,22.2,2.9,22.4,55.0,36.88,80.65,0,1,3.44
6,1,94,2585.0,73.9,70.3,1.41,1.31,0.78,15.0,29.9,6.7,29.1,60.48,40.62,88.22,0,1,10.18
7,1,94,2582.3,73.8,85.1,1.71,1.78,0.84,18.0,37.1,9.4,81.8,61.7,40.83,87.87,0,1,23.58
8,1,94,2586.8,73.9,100.1,2.0,2.01,0.82,21.0,42.3,12.4,94.2,61.59,41.04,88.44,0,1,38.15
9,1,92,2529.7,72.3,116.6,2.26,2.77,0.83,24.0,49.8,15.1,110.2,61.82,40.83,86.95,0,1,53.27
10,1,93,2556.4,73.0,130.2,2.3,3.24,1.04,27.0,51.7,18.8,124.3,62.54,41.46,87.35,0,1,66.75
11,1,93,2558.4,73.1,143.2,2.77,4.04,1.19,30.0,61.0,21.6,135.0,64.28,42.29,87.46,0,1,77.58
12,1,93,2561.5,73.2,158.3,3.23,5.09,1.24,33.0,69.1,24.7,149.6,64.04,42.29,87.25,0,1,92.05
13,1,93,2557.9,73.1,171.2,3.53,6.12,1.39,36.0,73.4,27.8,164.0,64.6,43.12,86.4,0,1,102.96
14,1,93,2559.2,73.1,186.6,3.83,6.45,1.67,39.0,74.3,30.7,183.5,64.35,43.12,87.49,0,1,117.53
15,1,93,2558.5,73.1,199.2,4.4,8.04,1.89,42.0,81.6,33.9,189.1,64.82,43.75,86.89,0,1,128.44
16,1,93,2551.8,72.9,212.7,4.72,9.92,1.95,45.0,91.5,36.3,203.7,66.27,43.96,86.07,0,1,138.56
17,1,92,2524.4,72.1,228.1,5.58,12.45,2.05,48.0,97.2,38.1,216.8,66.7,44.17,86.62,0,1,149.13
18,1,91,2503.2,71.5,244.4,5.83,14.26,2.42,51.0,101.4,42.8,232.7,66.28,44.17,84.67,0,1,163.65
19,1,91,2501.2,71.5,256.2,6.38,17.25,2.72,54.0,107.7,45.8,248.3,67.53,44.79,85.13,0,1,171.86
20,1,90,2472.5,70.6,272.4,7.3,20.27,2.82,57.0,116.2,48.8,259.6,67.91,44.79,84.81,0,1,182.02
4,1,74,2037.1,58.2,57.6,0.7,1.08,0.34,9.0,16.8,3.0,0.0,46.91,31.25,34.69,0,2,0.0
5,1,89,2444.0,69.8,59.6,0.95,2.37,0.54,12.0,24.8,11.3,6.5,57.13,38.12,41.59,0,2,0.08
6,1,105,2884.5,82.4,60.8,1.1,3.21,0.4,15.0,28.6,8.5,6.9,68.19,45.21,49.24,0,2,0.14
7,1,124,3411.8,97.5,60.5,1.09,2.96,0.54,18.0,37.5,8.7,12.8,78.71,52.71,58.43,0,2,0.25
8,1,135,3703.3,105.8,64.0,1.45,5.2,0.61,21.0,40.2,12.7,14.2,86.39,57.92,62.88,0,2,0.53
9,1,141,3874.0,110.7,70.2,1.78,10.7,0.84,24.0,49.7,14.6,12.2,90.4,60.62,66.58,0,2,0.39
10,1,140,3849.0,110.0,80.7,1.72,21.37,0.84,27.0,81.4,18.6,12.6,90.25,60.42,66.11,0,2,0.47
11,1,142,3907.5,111.6,89.2,2.19,28.45,1.12,30.0,79.6,21.0,14.1,91.13,61.25,67.28,0,2,0.76
12,1,142,3906.8,111.6,98.0,2.42,36.74,1.19,33.0,90.4,24.3,18.6,91.57,61.88,66.9,0,2,1.07
13,1,141,3879.2,110.8,109.8,2.43,49.04,1.11,36.0,107.9,26.4,12.6,90.35,60.83,66.0,0,2,0.9
14,1,141,3881.8,110.9,118.5,2.8,57.58,1.17,39.0,110.7,29.6,16.9,90.61,61.46,65.6,0,2,0.76
15,1,141,3876.3,110.8,127.6,3.19,65.7,1.12,42.0,126.8,32.3,14.6,90.53,61.67,66.08,0,2,0.79
16,1,141,3879.0,110.8,138.1,3.36,75.53,1.58,45.0,135.9,35.8,22.2,90.06,61.67,66.22,0,2,1.59
17,1,141,3872.2,110.6,146.7,3.81,82.61,1.71,48.0,139.5,39.6,23.2,90.96,61.88,66.41,0,2,1.73
18,1,142,3904.2,111.5,154.7,4.41,89.05,1.83,51.0,142.1,41.2,25.2,90.68,62.71,66.97,0,2,1.96
19,1,142,3899.1,111.4,163.6,4.66,97.67,1.97,54.0,155.0,45.8,29.2,90.9,62.92,66.78,0,2,2.08
20,1,142,3907.9,111.7,173.0,5.15,106.85,2.2,57.0,163.8,47.2,27.3,90.79,63.12,66.87,0,2,2.08
4,1,73,2004.6,57.3,57.9,0.6,1.34,0.27,9.0,16.6,5.4,0.0,46.44,31.04,22.87,0,3,0.0
5,1,89,2444.0,69.8,60.4,1.13,3.07,0.37,12.0,23.4,5.4,0.0,56.84,37.71,27.53,0,3,0.0
6,1,106,2911.3,83.2,60.1,1.17,2.72,0.43,15.0,30.1,5.7,0.0,68.17,45.42,33.1,0,3,0.0
7,1,121,3331.0,95.2,62.2,1.3,3.98,0.73,18.0,34.2,11.3,0.0,77.56,51.67,37.5,0,3,0.0
8,1,135,3710.9,106.0,64.1,1.69,5.52,0.65,21.0,42.8,11.7,0.0,86.15,57.5,42.4,0,3,0.0
9,1,141,3879.9,110.9,70.7,1.94,11.66,0.94,24.0,71.6,15.6,3.6,89.77,60.21,44.03,0,3,0.03
10,1,140,3845.0,109.9,80.5,2.01,21.1,1.03,27.0,81.4,17.4,5.4,90.34,60.42,43.68,0,3,0.07
11,1,141,3879.4,110.8,89.8,2.14,30.58,1.04,30.0,88.8,20.8,4.2,90.32,60.83,44.06,0,3,0.06
12,1,142,3909.5,111.7,99.1,2.35,39.25,1.17,33.0,98.7,24.4,5.2,90.33,61.25,44.49,0,3,0.04
13,1,140,3846.3,109.9,110.2,2.62,49.48,1.31,36.0,105.1,27.0,9.4,90.22,60.83,43.56,0,3,0.17
14,1,142,3899.3,111.4,117.9,3.09,56.38,1.47,39.0,117.2,30.6,1.9,90.66,61.88,44.29,0,3,0.02
15,1,140,3851.5,110.0,128.9,3.15,67.37,1.63,42.0,122.9,32.9,4.8,90.65,61.25,43.73,0,3,0.1
16,1,142,3896.2,111.3,136.5,3.6,74.68,1.63,45.0,135.5,35.6,11.2,90.56,62.29,45.11,0,3,0.22
17,1,142,3903.4,111.5,145.9,3.68,84.41,1.55,48.0,142.9,38.1,9.3,90.26,62.29,44.07,0,3,0.15
18,1,141,3874.0,110.7,155.8,4.51,93.21,1.72,51.0,147.8,41.7,8.4,91.3,62.29,43.72,0,3,0.21
19,1,140,3851.1,110.0,166.0,4.77,102.24,2.05,54.0,161.7,45.9,9.4,90.56,62.29,44.22,0,3,0.29
20,1,142,3902.6,111.5,173.2,5.13,109.32,2.27,57.0,167.7,47.2,12.7,90.33,62.92,44.25,0,3,0.37
4,2,72,1983.6,56.7,59.1,0.89,0.19,0.21,9.0,4.4,2.7,27.3,23.25,30.63,67.37,0,1,2.26
5,2,87,2392.3,68.4,61.4,1.24,0.12,0.49,12.0,4.9,3.8,42.0,27.83,37.29,82.13,0,1,4.08
6,2,93,2555.5,73.0,71.2,1.51,0.21,0.99,15.0,6.4,8.2,52.3,30.4,40.21,88.07,0,1,11.54
7,2,95,2616.3,74.8,84.0,1.79,0.39,0.91,18.0,10.6,8.5,61.0,31.0,41.25,88.49,0,1,23.07
8,2,95,2616.2,74.7,98.4,1.89,0.38,1.41,21.0,9.2,12.8,91.2,31.37,41.67,88.78,0,1,37.67
9,2,94,2587.3,73.9,113.9,2.18,0.51,1.71,24.0,12.1,15.8,108.6,31.21,41.67,87.28,0,1,52.45
10,2,95,2616.3,74.8,126.6,2.56,0.66,1.88,27.0,11.5,18.0,120.5,31.95,42.5,88.37,0,1,64.52
11,2,94,2587.7,73.9,142.5,2.79,0.79,2.51,30.0,13.6,21.9,136.9,31.69,42.29,87.78,0,1,79.83
12,2,92,2527.5,72.2,160.5,3.1,1.01,2.63,33.0,14.9,24.9,152.3,31.48,41.88,86.06,0,1,96.54
13,2,92,2533.8,72.4,174.4,3.36,1.15,3.25,36.0,17.8,27.2,166.5,31.94,42.29,86.42,0,1,109.9
14,2,92,2530.4,72.3,187.0,3.96,1.32,3.89,39.0,17.9,30.5,192.0,32.11,42.92,85.92,0,1,120.51
15,2,91,2505.8,71.6,202.4,4.37,1.79,4.27,42.0,23.2,33.0,205.2,32.35,43.12,86.54,0,1,134.85
16,2,92,2526.6,72.2,216.3,4.78,1.85,5.12,45.0,21.0,36.2,209.8,32.77,43.54,86.87,0,1,147.35
17,2,92,2535.6,72.4,227.9,5.58,1.91,5.98,48.0,22.7,39.9,218.7,32.94,44.17,86.72,0,1,157.51
18,2,92,2529.8,72.3,240.6,5.99,2.66,6.08,51.0,28.9,41.6,234.0,34.09,44.79,86.22,0,1,168.63
19,2,91,2503.4,71.5,256.3,6.39,2.74,7.42,54.0,27.9,45.4,248.4,34.08,44.79,84.81,0,1,182.43
20,2,91,2503.0,71.5,272.3,7.22,3.17,7.85,57.0,29.3,48.5,266.6,34.18,44.79,86.07,0,1,195.81
4,2,73,2006.4,57.3,58.5,1.18,0.07,0.59,9.0,3.2,6.4,8.1,23.14,30.63,34.02,0,2,0.67
5,2,91,2503.7,71.5,58.2,1.09,0.14,0.55,12.0,6.2,5.7,11.2,29.45,38.54,42.31,0,2,0.81
6,2,107,2948.1,84.2,60.0,1.79,0.35,0.9,15.0,7.1,7.0,19.6,34.43,45.62,49.82,0,2,1.52
7,2,126,3466.2,99.0,59.5,1.49,0.23,0.85,18.0,7.1,9.3,21.3,39.26,53.33,58.86,0,2,1.24
8,2,140,3854.9,110.1,61.5,1.93,0.44,1.15,21.0,10.9,11.4,22.5,44.97,59.79,65.87,0,2,2.06
9,2,156,4293.8,122.7,62.4,2.38,0.39,1.52,24.0,13.0,15.7,31.1,50.24,66.46,73.41,0,2,2.31
10,2,168,4616.8,131.9,64.7,2.58,0.41,2.06,27.0,12.7,18.3,28.5,53.97,71.67,78.41,0,2,3.38
11,2,178,4885.8,139.6,68.0,3.03,0.53,2.73,30.0,16.9,21.2,40.1,57.25,76.04,83.58,0,2,5.31
12,2,182,4997.8,142.8,73.5,3.62,0.61,3.75,33.0,15.8,23.6,38.5,58.75,78.12,85.66,0,2,8.54
13,2,183,5026.8,143.6,80.1,3.41,0.66,3.73,36.0,16.8,64.5,42.9,59.91,79.38,85.95,0,2,15.13
14,2,185,5089.7,145.4,87.2,3.64,0.92,4.01,39.0,19.5,30.7,85.2,60.67,80.0,86.4,0,2,21.36
15,2,184,5061.9,144.6,94.9,3.91,0.98,4.12,42.0,21.2,32.8,93.8,60.78,80.42,86.01,0,2,28.93
16,2,183,5031.6,143.8,102.8,4.03,1.14,4.22,45.0,22.6,37.0,96.5,59.93,80.21,85.71,0,2,35.86
17,2,182,5005.8,143.0,110.6,4.55,1.17,5.39,48.0,25.7,65.1,103.8,60.36,80.42,85.79,0,2,42.07
18,2,183,5033.3,143.8,118.1,4.93,1.22,5.85,51.0,23.1,43.0,113.1,60.87,80.83,86.55,0,2,49.0
19,2,182,5012.2,143.2,125.3,5.25,1.53,6.12,54.0,26.4,45.1,116.2,61.74,81.25,85.13,0,2,54.93
20,2,185,5090.2,145.4,130.9,5.6,1.72,6.31,57.0,28.4,48.9,122.8,62.82,82.5,86.34,0,2,60.22
4,2,73,2008.9,57.4,57.3,0.7,0.15,0.36,9.0,3.6,5.6,3.9,23.53,31.46,22.86,0,3,0.05
5,2,91,2503.2,71.5,59.0,1.48,0.26,1.02,12.0,5.6,8.2,5.2,28.46,37.92,28.23,0,3,0.25
6,2,108,2973.5,85.0,59.0,1.63,0.36,1.16,15.0,6.8,8.3,4.6,34.37,46.04,33.84,0,3,0.29
7,2,125,3434.6,98.1,59.7,1.93,0.54,1.57,18.0,11.1,11.7,9.7,40.51,53.12,39.13,0,3,0.51
8,2,141,3880.0,110.9,60.6,2.35,0.56,1.72,21.0,10.1,12.7,9.9,45.34,60.42,44.16,0,3,0.37
9,2,159,4363.3,124.7,60.6,2.61,0.54,1.97,24.0,11.2,15.7,14.5,50.66,67.71,49.27,0,3,0.52
10,2,173,4754.6,135.8,62.2,2.83,0.64,2.37,27.0,12.4,17.8,12.9,55.36,73.96,54.01,0,3,0.75
11,2,187,5144.9,147.0,63.7,3.58,0.63,3.07,30.0,14.2,21.3,14.4,59.48,79.79,58.47,0,3,0.61
12,2,198,5442.0,155.5,66.1,4.18,0.83,4.09,33.0,17.3,23.9,15.5,63.44,84.58,61.98,0,3,0.89
13,2,202,5550.7,158.6,71.4,6.35,0.89,6.48,36.0,18.2,27.8,16.4,65.22,86.46,63.17,0,3,0.94
14,2,205,5635.5,161.0,77.0,9.12,0.94,9.15,67.5,16.3,66.1,19.7,66.0,87.5,64.1,0,3,1.33
15,2,206,5667.3,161.9,82.6,11.97,1.14,11.89,69.1,22.8,68.7,21.5,66.96,88.54,64.49,0,3,1.23
16,2,206,5655.9,161.6,89.3,14.8,1.2,15.49,74.1,23.0,76.4,22.6,66.62,88.54,64.27,0,3,1.46
17,2,208,5723.3,163.5,95.2,17.42,1.31,19.26,76.1,21.0,77.8,20.4,67.65,89.17,64.72,0,3,1.12
18,2,208,5712.2,163.2,101.6,20.76,1.39,22.38,81.5,23.7,82.4,21.9,67.74,89.38,64.95,0,3,1.41
19,2,208,5724.1,163.5,108.2,24.16,1.62,24.5,83.8,26.6,84.7,26.3,67.78,89.38,64.76,0,3,1.83
20,2,208,5717.3,163.4,114.4,26.77,1.65,27.63,88.2,29.6,87.8,27.1,68.81,89.58,65.19,0,3,1.97
4,3,71,1949.8,55.7,59.7,0.75,0.0,0.25,9.0,0.0,2.9,33.4,15.28,30.63,67.93,0,1,1.87
5,3,86,2363.2,67.5,62.3,1.42,0.01,0.58,12.0,0.5,5.8,37.7,18.28,36.88,81.39,0,1,4.09
6,3,94,2582.6,73.8,70.2,1.48,0.01,1.1,15.0,0.3,6.7,49.4,20.41,40.62,88.16,0,1,11.16
7,3,94,2584.6,73.8,85.4,1.58,0.02,1.38,18.0,0.9,9.9,84.4,20.4,40.62,87.57,0,1,25.4
8,3,93,2553.5,73.0,100.2,1.95,0.0,1.68,21.0,0.1,12.7,91.4,20.61,41.04,87.06,0,1,39.83
9,3,95,2615.8,74.7,113.1,2.31,0.02,2.08,24.0,0.8,15.7,97.2,21.0,41.88,88.66,0,1,51.4
10,3,93,2558.0,73.1,129.9,2.4,0.02,2.48,27.0,0.8,18.8,125.1,20.81,41.46,86.91,0,1,68.49
11,3,94,2585.5,73.9,142.7,2.81,0.04,2.88,30.0,1.1,21.2,136.8,21.47,42.29,88.37,0,1,79.46
12,3,94,2584.6,73.8,156.3,3.03,0.08,3.68,33.0,1.6,24.6,150.2,21.26,42.71,88.15,0,1,93.76
13,3,92,2524.1,72.1,174.4,3.64,0.03,4.17,36.0,0.9,27.9,169.0,21.21,42.29,86.28,0,1,109.96
14,3,92,2531.9,72.3,187.2,4.02,0.11,5.08,39.0,1.6,30.0,193.9,21.37,42.92,86.38,0,1,121.04
15,3,93,2557.2,73.1,199.1,4.24,0.09,5.96,42.0,1.8,33.8,199.5,22.0,43.75,86.69,0,1,132.34
16,3,91,2503.7,71.5,216.7,4.89,0.06,6.88,45.0,1.3,36.7,208.6,21.89,43.54,85.94,0,1,147.65
17,3,91,2502.0,71.5,231.6,5.41,0.09,7.74,48.0,1.4,39.1,232.3,21.6,43.54,85.42,0,1,161.48
18,3,91,2505.2,71.6,245.8,5.9,0.01,8.88,51.0,0.6,42.7,239.5,21.84,43.96,85.56,0,1,174.05
19,3,91,2502.8,71.5,256.5,6.56,0.1,9.88,54.0,1.7,45.8,245.6,22.56,44.79,85.69,0,1,183.7
20,3,91,2503.5,71.5,270.1,7.15,0.08,10.97,57.0,1.7,48.7,263.1,22.29,45.21,85.87,0,1,194.79
4,3,74,2036.2,58.2,57.4,0.79,0.0,0.4,9.0,0.0,5.9,8.4,15.62,31.25,34.85,0,2,0.51
5,3,92,2530.2,72.3,58.0,1.09,0.01,0.81,12.0,0.5,8.2,17.8,19.38,38.75,43.15,0,2,1.1
6,3,108,2966.0,84.7,58.6,1.35,0.0,0.94,15.0,0.0,6.8,19.8,23.25,46.46,50.57,0,2,0.86
7,3,124,3410.1,97.4,60.1,1.61,0.01,1.3,18.0,0.9,9.8,19.0,26.71,53.12,58.27,0,2,1.78
8,3,139,3822.1,109.2,61.7,1.9,0.02,1.76,21.0,0.6,12.3,25.3,29.8,59.79,65.17,0,2,2.34
9,3,154,4235.1,121.0,62.9,2.26,0.02,2.17,24.0,1.1,15.8,24.9,33.23,66.25,71.83,0,2,2.8
10,3,167,4592.6,131.2,65.0,2.62,0.01,2.86,27.0,0.8,18.7,26.2,36.15,71.67,77.35,0,2,3.43
11,3,179,4917.6,140.5,67.3,2.91,0.01,3.17,30.0,0.7,21.7,39.1,38.79,76.67,84.1,0,2,4.5
12,3,183,5034.2,143.8,73.2,4.02,0.03,4.65,33.0,1.1,24.5,35.8,39.41,78.54,85.92,0,2,8.12
13,3,185,5079.9,145.1,79.9,3.65,0.02,4.11,36.0,1.0,27.7,47.4,39.8,79.58,87.11,0,2,14.73
14,3,184,5058.5,144.5,87.5,3.59,0.01,4.5,39.0,0.6,30.9,83.4,40.06,79.58,86.56,0,2,22.44
15,3,186,5116.0,146.2,93.7,4.05,0.05,5.25,42.0,2.0,33.8,83.8,40.65,80.83,86.77,0,2,27.29
16,3,183,5034.2,143.8,102.9,4.5,0.04,5.91,45.0,1.1,36.9,94.0,40.24,80.42,86.36,0,2,35.21
17,3,184,5054.0,144.4,109.6,4.54,0.02,5.98,48.0,0.9,39.8,105.6,40.34,81.04,85.85,0,2,41.49
18,3,183,5027.9,143.7,117.6,4.69,0.02,6.37,51.0,1.5,42.9,110.7,40.66,80.83,85.34,0,2,49.28
19,3,183,5027.2,143.6,124.6,5.0,0.01,7.23,54.0,0.6,46.0,120.1,41.04,81.67,84.97,0,2,55.12
20,3,182,5004.8,143.0,133.4,5.57,0.05,7.49,57.0,1.4,48.8,121.4,40.57,81.25,86.12,0,2,62.44
4,3,73,2007.5,57.4,57.1,0.47,0.0,0.43,9.0,0.0,3.1,2.5,15.67,31.46,22.73,0,3,0.06
5,3,90,2473.1,70.7,59.3,1.46,0.0,1.2,12.0,0.2,5.4,10.3,18.95,38.12,28.1,0,3,0.48
6,3,107,2945.5,84.2,59.6,1.78,0.01,1.43,15.0,0.9,8.2,10.0,22.94,45.62,33.16,0,3,0.57
7,3,123,3381.2,96.6,60.8,2.17,0.01,2.34,18.0,0.4,14.5,7.3,26.51,52.71,38.45,0,3,0.45
8,3,141,3877.2,110.8,61.0,2.35,0.0,2.23,21.0,0.1,12.8,12.7,29.89,59.79,43.88,0,3,0.61
9,3,156,4293.2,122.7,61.7,2.66,0.04,2.57,24.0,1.7,15.7,12.4,33.74,67.08,48.62,0,3,0.79
10,3,171,4704.4,134.4,63.1,3.26,0.01,3.3,27.0,1.4,18.7,12.8,36.51,73.12,53.37,0,3,0.7
11,3,185,5089.5,145.4,64.1,3.42,0.02,3.64,30.0,0.9,21.5,13.4,40.02,79.38,58.03,0,3,0.94
12,3,198,5439.7,155.4,66.2,4.16,0.03,4.56,33.0,1.0,24.9,16.6,42.42,84.58,61.94,0,3,1.06
13,3,203,5580.2,159.4,71.2,6.66,0.08,6.72,63.6,2.9,27.1,20.6,43.71,86.46,63.65,0,3,1.31
14,3,206,5667.6,161.9,76.3,8.8,0.01,9.69,67.9,0.7,65.4,19.7,44.29,88.12,64.41,0,3,1.17
15,3,206,5661.7,161.8,82.9,12.09,0.02,13.06,70.2,0.9,69.5,24.5,44.72,88.33,64.19,0,3,1.43
16,3,207,5682.3,162.4,88.7,14.99,0.02,15.85,76.6,0.8,72.9,18.0,44.63,88.96,64.56,0,3,1.57
17,3,207,5688.8,162.5,95.5,17.86,0.05,19.72,78.6,1.7,77.7,28.0,45.2,88.96,64.55,0,3,1.49
18,3,208,5720.5,163.4,101.7,21.29,0.03,22.62,82.1,1.2,80.8,23.9,45.13,89.38,65.01,0,3,1.33
19,3,207,5695.9,162.7,108.6,23.98,0.04,26.34,83.2,1.6,83.4,24.5,44.81,89.17,64.97,0,3,1.97
20,3,208,5719.3,163.4,114.4,26.93,0.1,29.18,87.6,3.4,87.7,24.6,45.56,89.58,65.12,0,3,1.86
4,1,70,1925.7,55.0,61.2,1.29,0.77,0.42,9.0,20.5,8.2,17.2,45.3,29.79,67.35,10,1,1.53
5,1,87,2393.6,68.4,62.0,1.48,0.8,0.74,12.0,23.6,8.1,15.2,55.6,36.88,81.14,10,1,2.95
6,1,94,2588.9,74.0,70.4,1.83,1.57,0.96,15.0,29.1,6.9,30.1,60.53,40.62,87.64,10,1,9.85
7,1,94,2588.4,74.0,85.0,2.03,1.7,1.08,18.0,35.3,9.6,77.7,60.7,40.83,88.42,10,1,24.13
8,1,94,2585.0,73.9,99.0,2.12,2.33,1.16,21.0,42.7,11.4,93.8,62.89,41.46,87.47,10,1,36.71
9,1,94,2585.3,73.9,114.5,2.36,2.72,1.13,24.0,50.3,15.7,111.9,62.17,41.46,88.6,10,1,50.79
10,1,93,2557.6,73.1,129.5,2.76,3.24,1.31,27.0,52.8,17.8,121.8,62.03,41.67,87.56,10,1,65.31
11,1,94,2584.1,73.8,141.4,3.06,4.06,1.47,30.0,61.2,21.7,132.6,64.35,42.71,87.75,10,1,75.4
12,1,93,2560.1,73.1,158.4,3.3,5.06,1.59,33.0,66.7,23.3,146.7,63.49,42.29,87.63,10,1,91.9
13,1,92,2531.3,72.3,173.1,3.83,5.96,1.76,36.0,70.7,26.3,164.4,63.68,42.71,86.75,10,1,104.96
14,1,92,2533.0,72.4,187.2,4.18,6.94,1.84,39.0,75.1,30.1,180.3,64.31,42.92,86.69,10,1,117.09
15,1,93,2559.2,73.1,199.2,4.51,8.06,2.21,42.0,83.1,32.8,191.9,65.97,43.54,86.36,10,1,126.91
16,1,92,2532.6,72.4,215.8,4.96,8.98,2.28,45.0,87.5,35.2,206.4,64.69,43.54,86.58,10,1,142.11
17,1,91,2500.3,71.4,231.2,5.62,12.49,2.5,48.0,98.1,39.9,217.5,65.55,43.96,85.16,10,1,152.52
18,1,92,2526.9,72.2,242.1,6.15,15.05,2.8,51.0,105.5,42.1,235.1,66.78,44.38,85.62,10,1,159.87
19,1,90,2474.4,70.7,260.0,6.8,16.75,2.88,54.0,108.4,45.8,251.5,66.65,44.38,84.89,10,1,174.12
20,1,92,2526.4,72.2,268.8,7.23,21.31,3.2,57.0,116.9,48.9,262.6,67.9,45.21,86.22,10,1,179.17
4,1,73,2007.9,57.4,58.4,0.86,1.32,0.67,9.0,16.8,8.7,0.2,46.07,30.83,34.29,10,2,0.0
5,1,89,2451.4,70.0,59.6,1.35,2.48,0.56,14.3,24.1,4.4,2.0,56.94,38.12,41.43,10,2,0.04
6,1,106,2913.5,83.2,60.8,1.24,3.05,0.88,15.0,28.9,11.3,8.2,67.06,45.0,49.65,10,2,0.33
7,1,120,3299.7,94.3,62.5,2.08,3.46,0.9,18.0,36.7,9.7,12.9,77.26,51.67,56.31,10,2,0.39
8,1,135,3707.9,105.9,64.3,2.24,5.18,1.01,21.0,42.2,12.6,7.9,86.72,57.71,62.83,10,2,0.25
9,1,142,3908.7,111.7,70.0,2.16,9.64,1.28,24.0,48.1,14.4,12.1,90.37,60.62,66.19,10,2,0.57
10,1,142,3906.8,111.6,79.3,2.15,19.29,1.2,27.0,75.3,17.7,12.9,90.57,61.25,66.56,10,2,0.51
11,1,140,3851.1,110.0,90.2,2.61,29.11,1.31,30.0,88.3,20.7,11.6,90.02,60.62,65.92,10,2,0.67
12,1,140,3848.6,110.0,100.0,3.06,37.27,1.58,33.0,97.9,24.5,15.3,90.18,60.83,65.33,10,2,1.09
13,1,140,3841.9,109.8,109.9,3.06,47.79,1.57,36.0,105.4,26.7,13.9,90.21,60.83,66.33,10,2,0.61
14,1,141,3876.4,110.8,118.7,3.16,55.37,2.21,39.0,110.3,63.8,18.1,91.03,61.46,65.99,10,2,1.2
15,1,142,3905.3,111.6,126.9,3.5,64.36,1.91,42.0,124.8,33.1,17.0,90.63,62.08,66.29,10,2,1.0
16,1,142,3904.1,111.5,136.6,4.12,72.62,2.15,45.0,136.2,35.9,21.8,90.44,62.08,66.62,10,2,1.6
17,1,140,3853.4,110.1,147.6,4.44,83.08,2.29,48.0,144.3,39.4,19.5,90.17,61.67,65.42,10,2,1.43
18,1,140,3846.9,109.9,156.9,4.39,92.08,2.39,51.0,150.5,42.5,21.5,90.25,62.08,65.32,10,2,1.42
19,1,142,3904.6,111.6,164.3,4.79,97.01,2.53,54.0,160.8,45.9,30.9,90.35,62.71,66.9,10,2,2.84
20,1,140,3848.5,110.0,174.5,5.73,107.26,3.08,57.0,166.6,48.6,25.2,90.3,62.71,65.38,10,2,1.95
4,1,73,2006.0,57.3,58.6,1.13,1.68,0.47,11.5,19.0,4.6,0.0,46.78,30.83,22.74,10,3,0.0
5,1,89,2448.0,69.9,59.7,1.17,2.07,0.45,12.0,25.1,4.7,0.0,56.56,38.12,27.74,10,3,0.0
6,1,105,2886.8,82.5,61.5,1.39,3.25,0.88,15.0,29.8,11.9,0.0,67.67,44.79,33.11,10,3,0.0
7,1,120,3298.9,94.3,62.6,1.57,4.18,0.83,18.0,34.0,14.1,1.8,77.24,51.46,37.77,10,3,0.02
8,1,134,3686.4,105.3,64.6,1.91,5.58,1.2,21.0,42.0,12.9,3.0,86.38,57.5,41.8,10,3,0.03
9,1,140,3845.7,109.9,70.9,2.6,10.6,1.37,24.0,48.4,14.5,2.0,89.83,60.0,43.76,10,3,0.01
10,1,140,3852.6,110.1,81.2,2.39,20.81,1.33,27.0,79.9,17.2,3.4,90.62,60.0,43.7,10,3,0.02
11,1,140,3847.5,109.9,90.7,2.81,29.51,1.6,30.0,87.1,20.8,2.9,89.97,60.42,43.82,10,3,0.04
12,1,142,3903.9,111.5,98.9,2.83,38.06,1.49,33.0,94.0,23.7,3.2,90.33,61.25,44.5,10,3,0.04
13,1,141,3872.2,110.6,109.4,2.98,48.56,1.8,36.0,104.0,27.6,3.2,90.56,61.04,43.43,10,3,0.04
14,1,141,3874.6,110.7,118.8,3.33,57.4,1.8,39.0,116.5,30.2,6.8,90.47,61.46,44.2,10,3,0.14
15,1,141,3879.1,110.8,127.7,4.01,64.61,2.05,42.0,120.1,32.2,12.4,90.78,61.88,44.2,10,3,0.23
16,1,142,3907.6,111.6,135.6,3.91,72.51,2.21,45.0,130.0,35.6,11.8,91.31,62.71,44.3,10,3,0.14
17,1,142,3897.5,111.4,145.4,4.53,81.88,2.35,48.0,139.6,38.8,10.0,90.78,62.5,44.66,10,3,0.26
18,1,140,3849.1,110.0,156.4,5.09,91.84,2.73,51.0,157.6,42.3,10.2,90.32,62.08,43.72,10,3,0.25
19,1,141,3888.0,111.1,165.4,5.51,99.88,2.61,54.0,158.7,44.6,7.2,90.67,62.29,44.22,10,3,0.2
20,1,141,3881.3,110.9,173.8,5.79,108.21,2.73,57.0,163.0,47.1,12.8,91.0,62.71,44.23,10,3,0.28
4,2,71,1949.2,55.7,60.2,0.99,0.08,0.4,9.0,3.8,8.9,30.4,22.77,30.21,66.71,10,1,2.45
5,2,86,2364.2,67.5,63.0,1.57,0.18,0.67,12.0,6.2,5.6,38.4,27.43,36.67,80.76,10,1,4.59
6,2,93,2558.0,73.1,71.1,1.72,0.23,1.02,15.0,6.1,6.6,50.6,30.27,40.21,87.69,10,1,11.55
7,2,95,2610.6,74.6,84.1,1.93,0.27,1.35,18.0,8.5,9.7,85.9,30.83,41.04,88.94,10,1,24.57
8,2,93,2557.0,73.1,100.3,2.27,0.39,1.63,21.0,8.6,12.8,89.8,30.81,41.04,87.92,10,1,38.1
9,2,95,2611.2,74.6,112.5,2.47,0.57,1.81,24.0,12.5,15.0,106.4,31.5,42.08,87.27,10,1,51.29
10,2,93,2556.7,73.0,129.1,2.48,0.65,2.42,27.0,12.4,18.4,125.6,31.28,41.88,87.12,10,1,66.82
11,2,94,2588.5,74.0,142.2,3.04,0.73,2.79,30.0,14.0,21.8,135.9,31.74,42.29,88.26,10,1,79.27
12,2,94,2586.1,73.9,156.7,3.44,1.02,3.3,33.0,16.5,23.6,146.9,32.28,42.71,87.9,10,1,91.28
13,2,92,2525.7,72.2,173.7,3.8,1.13,3.75,36.0,16.1,27.2,172.7,31.88,42.29,87.08,10,1,108.54
14,2,92,2527.6,72.2,187.1,3.96,1.31,4.34,39.0,16.8,30.1,189.3,32.17,42.92,85.85,10,1,120.83
15,2,93,2555.7,73.0,199.8,4.82,1.45,5.04,42.0,20.3,34.0,199.7,32.51,43.54,87.59,10,1,131.74
16,2,91,2505.9,71.6,216.0,5.32,1.86,5.68,45.0,23.0,37.0,205.7,33.16,43.54,86.81,10,1,145.88
17,2,92,2530.2,72.3,228.9,5.76,2.24,6.25,48.0,24.8,39.1,220.5,33.23,43.96,85.81,10,1,157.73
18,2,91,2502.1,71.5,243.3,6.17,2.3,7.41,51.0,23.1,42.3,237.9,33.51,44.38,85.74,10,1,169.81
19,2,92,2526.6,72.2,255.5,6.79,2.44,8.29,54.0,24.9,44.9,241.0,33.59,44.79,86.34,10,1,180.92
20,2,90,2478.1,70.8,272.8,7.46,2.91,9.23,57.0,26.9,47.7,263.5,33.25,44.79,85.59,10,1,195.29
4,2,73,2006.0,57.3,58.0,1.06,0.15,0.65,9.0,3.9,8.3,8.0,23.36,31.04,34.46,10,2,0.17
5,2,89,2446.4,69.9,59.7,1.71,0.16,1.23,14.2,6.1,11.2,15.1,28.32,37.92,41.63,10,2,1.08
6,2,106,2914.8,83.3,60.5,2.01,0.2,1.47,17.4,5.8,14.8,14.4,34.27,45.42,49.53,10,2,1.41
7,2,123,3381.6,96.6,60.9,2.1,0.31,1.59,18.0,7.4,9.3,20.5,39.61,52.71,57.24,10,2,1.35
8,2,138,3793.5,108.4,61.9,2.14,0.38,1.54,21.0,9.9,11.7,20.5,44.57,59.38,64.58,10,2,1.94
9,2,153,4206.5,120.2,63.8,2.44,0.35,2.56,24.0,10.9,15.6,27.9,48.86,65.21,71.65,10,2,2.73
10,2,163,4483.8,128.1,67.0,3.25,0.48,3.18,27.0,13.2,18.9,26.4,53.27,70.0,76.62,10,2,3.47
11,2,176,4836.9,138.2,68.7,3.88,0.58,3.67,30.0,14.8,20.7,32.9,57.22,75.42,81.65,10,2,4.31
12,2,180,4949.5,141.4,74.3,5.02,0.56,4.8,64.0,14.8,24.2,38.6,58.48,77.71,84.54,10,2,7.43
13,2,185,5083.3,145.2,79.9,4.74,0.65,5.17,36.0,16.2,27.7,38.7,59.59,79.38,86.67,10,2,12.21
14,2,186,5110.7,146.0,86.5,4.74,0.78,5.28,39.0,17.6,30.8,81.1,60.52,80.42,86.85,10,2,18.45
15,2,184,5062.6,144.6,95.0,5.74,1.03,6.71,42.0,21.1,32.8,81.0,60.06,80.0,86.26,10,2,24.24
16,2,186,5113.9,146.1,101.0,5.6,1.06,5.91,63.4,21.9,36.1,92.3,61.99,81.25,86.1,10,2,31.46
17,2,184,5067.3,144.8,109.7,5.87,1.07,7.34,48.0,21.5,69.8,102.3,60.7,80.83,86.05,10,2,38.01
18,2,183,5025.7,143.6,117.5,6.03,1.41,7.18,51.0,25.3,42.1,107.2,60.9,81.04,85.87,10,2,45.23
19,2,182,5012.9,143.2,125.7,6.22,1.37,7.73,54.0,25.8,45.7,113.5,60.82,81.04,85.6,10,2,52.6
20,2,180,4952.4,141.5,134.4,6.22,1.64,7.35,57.0,27.7,66.5,123.9,60.95,80.62,84.91,10,2,61.66
4,2,74,2037.1,58.2,57.9,1.27,0.25,0.54,9.0,3.7,4.6,3.2,23.64,31.04,23.11,10,3,0.04
5,2,91,2503.0,71.5,57.9,1.16,0.29,1.01,12.0,7.1,8.8,1.0,28.9,38.75,28.62,10,3,0.01
6,2,105,2894.3,82.7,60.8,2.3,0.51,1.5,15.0,7.5,8.9,13.2,34.63,45.21,32.87,10,3,0.41
7,2,122,3357.0,95.9,60.8,2.26,0.36,2.21,18.0,8.2,11.3,8.3,39.24,52.71,38.38,10,3,0.41
8,2,139,3824.6,109.3,61.6,2.68,0.51,2.26,21.0,10.6,12.6,7.8,45.55,59.58,43.57,10,3,0.33
9,2,155,4270.9,122.0,63.0,3.01,0.52,3.08,24.0,11.1,17.1,12.2,49.73,65.62,48.24,10,3,0.77
10,2,169,4647.0,132.8,64.3,3.81,0.72,3.41,27.0,13.5,17.3,11.9,54.43,72.08,52.53,10,3,0.53
11,2,179,4911.2,140.3,67.3,4.78,0.51,5.87,30.0,15.3,66.2,9.9,57.08,76.67,55.98,10,3,0.47
12,2,188,5167.6,147.6,71.0,6.53,0.79,6.71,33.0,14.7,24.3,9.8,60.41,80.21,59.16,10,3,0.55
13,2,191,5253.5,150.1,76.4,8.36,0.89,9.52,36.0,18.4,69.7,17.4,61.87,81.67,59.15,10,3,0.79
14,2,192,5282.2,150.9,82.9,11.9,0.95,12.22,70.0,16.4,66.9,23.0,61.89,82.29,60.61,10,3,1.1
15,2,194,5335.6,152.4,88.9,15.21,0.97,15.84,74.1,20.4,74.5,20.7,63.36,83.33,60.02,10,3,0.88
16,2,195,5366.2,153.3,95.6,16.97,1.25,19.08,77.7,23.4,78.4,22.6,62.93,83.54,61.58,10,3,1.09
17,2,195,5360.0,153.1,101.8,20.35,1.26,22.14,78.3,22.2,81.1,21.1,63.8,84.38,61.01,10,3,1.17
18,2,198,5444.4,155.6,107.8,23.85,1.56,25.36,85.2,24.9,84.5,19.8,64.69,84.79,62.2,10,3,1.17
19,2,197,5411.9,154.6,114.7,26.73,1.57,28.29,86.7,25.2,87.2,30.4,64.84,85.0,61.71,10,3,1.68
20,2,197,5412.5,154.6,121.5,30.01,1.97,31.78,90.3,29.6,92.5,27.2,64.93,85.0,61.94,10,3,1.8
4,3,71,1945.6,55.6,59.7,1.3,0.0,0.53,9.0,0.0,5.6,30.1,15.5,30.63,66.44,10,1,2.73
5,3,87,2392.8,68.4,62.1,1.59,0.0,0.7,12.0,0.0,4.7,42.5,18.39,37.08,81.91,10,1,4.22
6,3,93,2554.5,73.0,71.5,1.76,0.01,1.39,15.0,0.9,8.4,58.0,19.94,40.0,88.0,10,1,11.75
7,3,95,2608.8,74.5,84.5,1.97,0.01,1.6,18.0,0.6,9.9,73.9,20.81,41.04,88.66,10,1,23.56
8,3,95,2607.7,74.5,98.8,2.23,0.02,2.13,21.0,1.1,13.3,89.1,20.8,41.46,88.25,10,1,37.39
9,3,94,2587.1,73.9,113.4,2.51,0.03,2.42,24.0,1.1,17.9,106.7,21.14,41.88,88.6,10,1,51.77
10,3,93,2554.4,73.0,130.0,2.62,0.04,2.96,27.0,1.2,21.4,125.1,20.79,41.46,87.5,10,1,66.78
11,3,94,2581.9,73.8,142.7,2.91,0.02,3.34,30.0,0.5,23.8,139.2,21.31,42.29,87.94,10,1,79.65
12,3,93,2553.4,73.0,158.1,3.45,0.0,4.28,33.0,0.1,27.9,149.4,21.06,42.29,87.45,10,1,93.26
13,3,94,2587.6,73.9,170.2,3.57,0.05,4.86,36.0,1.2,30.7,169.7,21.61,43.12,87.58,10,1,104.9
14,3,94,2586.4,73.9,182.8,4.11,0.03,5.64,39.0,1.4,33.9,179.6,21.9,43.75,87.31,10,1,116.52
15,3,92,2521.8,72.1,201.0,4.64,0.09,6.24,42.0,2.2,36.2,197.8,22.06,43.54,85.79,10,1,132.33
16,3,92,2527.2,72.2,215.2,4.9,0.02,7.44,45.0,0.6,39.2,210.4,21.9,43.54,85.91,10,1,145.61
17,3,90,2474.1,70.7,232.9,5.63,0.11,8.41,48.0,2.2,42.9,232.5,21.72,43.54,85.29,10,1,161.69
18,3,91,2504.2,71.5,245.1,6.01,0.07,9.3,51.0,1.4,45.8,236.1,21.98,43.96,84.97,10,1,172.83
19,3,91,2503.5,71.5,258.6,6.76,0.05,10.44,54.0,1.4,48.8,254.7,22.31,44.38,85.31,10,1,184.41
20,3,92,2531.8,72.3,268.4,7.53,0.12,11.44,57.0,2.5,51.9,263.8,22.51,45.21,85.82,10,1,192.29
4,3,73,2011.0,57.5,58.1,1.28,0.0,0.65,9.0,0.0,6.2,11.7,15.73,31.04,33.99,10,2,0.65
5,3,90,2477.9,70.8,59.3,1.58,0.01,0.99,14.1,0.6,11.1,16.6,19.01,38.12,42.22,10,2,0.9
6,3,107,2939.0,84.0,59.5,1.89,0.01,1.25,15.0,0.4,8.8,19.3,22.85,45.62,49.9,10,2,1.06
7,3,122,3355.5,95.9,61.5,2.36,0.01,1.57,18.0,0.5,11.9,15.2,26.14,52.29,56.91,10,2,1.46
8,3,140,3849.6,110.0,61.4,2.49,0.01,2.03,21.0,0.8,15.6,23.3,29.75,59.58,65.46,10,2,1.9
9,3,153,4206.8,120.2,64.0,2.49,0.02,2.52,24.0,1.1,17.0,24.6,32.75,65.0,71.64,10,2,2.84
10,3,165,4534.5,129.6,66.0,3.4,0.01,3.12,27.0,0.8,21.7,31.2,35.51,70.62,77.96,10,2,3.35
11,3,177,4868.8,139.1,68.4,3.65,0.03,4.16,30.0,1.3,23.4,33.6,37.85,75.62,82.61,10,2,4.72
12,3,182,5005.7,143.0,73.5,4.37,0.03,5.45,33.0,2.1,27.8,34.6,38.94,78.12,84.96,10,2,6.95
13,3,184,5054.9,144.4,79.7,4.83,0.02,5.81,36.0,2.0,30.8,39.2,39.39,79.58,85.67,10,2,11.67
14,3,185,5087.1,145.3,87.2,5.27,0.04,6.6,39.0,1.5,33.2,77.4,40.45,80.0,86.77,10,2,17.56
15,3,183,5029.4,143.7,94.9,5.31,0.04,7.05,42.0,1.3,63.3,78.5,40.32,80.21,85.87,10,2,24.56
16,3,185,5091.6,145.5,101.5,7.08,0.04,8.04,68.5,1.7,39.6,96.8,40.69,81.04,86.56,10,2,29.12
17,3,182,5006.2,143.0,110.4,5.87,0.04,7.59,48.0,1.7,42.8,100.5,40.16,80.62,85.73,10,2,39.23
18,3,183,5035.4,143.9,117.2,6.03,0.03,8.21,51.0,1.2,45.5,107.9,40.67,81.25,85.66,10,2,45.41
19,3,182,5008.2,143.1,125.3,6.44,0.05,9.42,54.0,1.6,48.8,109.3,40.38,81.04,85.75,10,2,51.96
20,3,183,5035.1,143.9,131.8,6.74,0.03,9.32,57.0,0.9,51.5,116.0,41.24,82.08,85.75,10,2,58.19
4,3,73,2010.8,57.5,57.5,0.92,0.01,0.38,9.0,0.4,3.3,4.2,16.09,31.46,22.76,10,3,0.06
5,3,90,2467.9,70.5,59.7,1.45,0.0,1.99,14.5,0.1,11.4,5.9,18.97,37.71,28.24,10,3,0.23
6,3,107,2943.7,84.1,60.1,1.98,0.02,2.05,15.0,1.0,9.4,6.6,22.74,45.42,33.47,10,3,0.34
7,3,123,3385.7,96.7,60.6,2.42,0.01,2.39,18.0,0.9,17.1,8.3,26.42,52.92,38.53,10,3,0.36
8,3,140,3847.0,109.9,61.3,2.53,0.01,2.35,21.0,0.8,14.4,12.8,30.24,60.0,43.71,10,3,0.47
9,3,155,4263.7,121.8,62.4,2.97,0.02,3.26,24.0,1.0,17.9,13.4,33.18,66.25,48.43,10,3,0.53
10,3,167,4598.0,131.4,65.2,4.22,0.03,4.13,27.0,1.3,21.2,12.1,35.61,71.25,52.56,10,3,0.69
11,3,178,4894.9,139.9,67.8,5.1,0.03,5.95,30.0,1.8,63.5,14.5,38.17,76.25,55.72,10,3,0.91
12,3,187,5149.0,147.1,71.1,6.38,0.01,7.08,33.0,0.9,27.8,11.7,40.2,80.0,58.19,10,3,0.88
13,3,190,5225.9,149.3,76.7,9.2,0.05,10.11,64.4,1.6,66.6,13.8,41.14,81.67,59.73,10,3,0.95
14,3,193,5306.8,151.6,82.6,12.08,0.04,13.0,69.1,1.8,67.5,17.2,41.42,82.5,60.5,10,3,1.03
15,3,194,5337.6,152.5,89.0,14.58,0.03,16.57,74.5,1.3,75.1,15.9,41.84,83.33,60.87,10,3,0.87
16,3,196,5392.6,154.1,95.0,18.37,0.03,19.61,80.0,1.6,80.5,14.0,42.59,84.17,61.07,10,3,0.82
17,3,196,5388.2,153.9,101.7,20.81,0.02,23.27,83.5,1.1,84.1,16.9,42.03,84.38,61.68,10,3,1.1
18,3,197,5421.4,154.9,108.4,23.82,0.04,26.26,86.0,2.4,87.5,22.7,42.84,84.38,61.35,10,3,1.4
19,3,198,5447.9,155.7,114.6,27.17,0.02,29.88,88.9,1.1,89.5,25.3,43.31,85.0,61.84,10,3,1.46
20,3,198,5447.7,155.6,121.1,30.44,0.06,33.37,91.6,2.0,93.6,25.4,43.01,85.21,61.97,10,3,1.52
4,1,71,1954.6,55.8,59.8,0.94,0.78,0.5,9.0,19.3,3.9,14.2,45.77,30.63,66.38,20,1,1.48
5,1,85,2334.2,66.7,63.5,1.87,1.02,1.06,12.0,22.4,5.6,23.2,54.64,36.46,79.89,20,1,3.57
6,1,94,2583.9,73.8,70.2,1.75,1.35,1.31,15.0,30.7,8.2,26.2,60.68,40.62,87.94,20,1,9.11
7,1,95,2616.3,74.8,83.8,2.13,1.7,1.33,18.0,35.7,11.3,76.7,62.09,41.25,88.9,20,1,21.88
8,1,95,2615.4,74.7,98.8,2.44,2.25,1.62,21.0,43.1,12.6,91.2,62.36,41.46,88.85,20,1,34.81
9,1,95,2613.9,74.7,113.0,2.71,2.49,1.38,24.0,46.8,16.0,111.5,62.51,41.88,88.17,20,1,49.06
10,1,92,2532.2,72.3,130.7,2.79,3.31,1.53,27.0,53.7,18.2,124.7,60.85,41.25,86.97,20,1,66.73
11,1,94,2582.4,73.8,141.8,3.07,4.31,1.74,30.0,63.2,21.4,130.2,64.26,42.5,87.74,20,1,74.68
12,1,93,2556.7,73.0,156.6,3.32,4.75,2.09,33.0,63.5,25.0,149.0,64.03,42.71,86.3,20,1,90.08
13,1,95,2610.5,74.6,168.5,3.81,6.47,1.92,36.0,75.1,26.1,163.4,66.01,43.54,87.82,20,1,99.5
14,1,91,2504.4,71.6,189.1,4.11,7.02,2.18,39.0,77.2,30.1,177.8,63.3,42.71,85.64,20,1,118.55
15,1,91,2497.9,71.4,203.1,4.68,8.26,2.35,42.0,82.4,33.6,195.6,64.74,42.92,85.76,20,1,130.13
16,1,92,2532.6,72.4,214.3,5.27,9.88,2.62,45.0,87.9,36.2,204.7,66.26,43.96,86.58,20,1,138.08
17,1,90,2478.9,70.8,233.2,5.72,12.06,2.99,48.0,97.8,39.1,215.2,64.98,43.54,85.26,20,1,154.11
18,1,90,2477.8,70.8,246.7,6.26,12.71,3.28,51.0,97.5,42.6,231.7,64.81,43.75,85.47,20,1,166.03
19,1,91,2507.9,71.7,257.0,6.72,17.87,3.41,54.0,109.6,45.4,245.7,67.31,44.58,85.21,20,1,170.43
20,1,91,2502.9,71.5,270.8,7.54,18.79,3.81,57.0,114.6,48.8,247.3,67.47,45.0,86.07,20,1,181.41
4,1,71,1951.8,55.8,60.1,1.24,2.07,0.91,9.0,19.7,11.8,5.4,45.83,30.42,33.35,20,2,0.08
5,1,88,2415.7,69.0,60.6,1.73,2.24,0.73,14.2,23.9,5.3,13.4,56.9,37.71,41.47,20,2,0.43
6,1,103,2829.8,80.9,62.9,1.77,3.14,1.11,15.0,31.4,14.4,9.5,66.62,43.96,48.68,20,2,0.39
7,1,122,3354.2,95.8,61.9,1.63,3.13,1.11,18.0,34.9,14.5,11.9,77.75,51.88,57.27,20,2,0.35
8,1,134,3680.6,105.2,65.0,2.14,4.92,1.43,21.0,42.9,11.2,11.7,85.9,57.08,62.77,20,2,0.41
9,1,140,3851.8,110.1,71.2,2.36,9.75,1.57,24.0,47.7,15.5,14.1,89.98,60.0,66.06,20,2,0.56
10,1,139,3828.5,109.4,81.2,2.47,20.05,1.51,27.0,80.4,17.4,13.0,90.16,60.0,65.12,20,2,0.69
11,1,142,3906.3,111.6,89.2,2.83,26.96,1.96,30.0,86.4,21.6,14.6,90.71,61.25,66.39,20,2,0.8
12,1,141,3887.0,111.1,99.3,2.8,37.82,1.73,33.0,93.7,24.2,13.2,90.58,61.25,66.33,20,2,0.64
13,1,144,3960.2,113.1,106.6,3.27,42.76,2.28,36.0,99.1,27.5,16.3,91.35,62.29,67.84,20,2,1.29
14,1,141,3882.1,110.9,118.6,3.62,55.29,2.21,39.0,116.7,30.4,13.7,90.98,61.46,66.02,20,2,1.07
15,1,142,3901.6,111.5,127.3,3.76,63.22,2.15,42.0,121.3,33.7,18.3,90.93,62.08,66.64,20,2,1.28
16,1,141,3877.8,110.8,137.9,4.39,73.19,2.34,45.0,133.0,35.2,19.7,90.16,61.46,65.92,20,2,1.2
17,1,141,3877.0,110.8,146.4,4.42,80.91,2.71,48.0,135.0,39.4,24.1,90.66,62.29,66.43,20,2,1.8
18,1,140,3853.1,110.1,157.6,4.58,90.35,2.74,51.0,155.5,41.0,25.9,90.01,61.88,65.94,20,2,2.05
19,1,140,3851.2,110.0,166.2,5.41,98.35,3.05,54.0,159.4,44.3,26.4,90.09,62.08,66.2,20,2,2.25
20,1,140,3846.6,109.9,175.2,5.97,106.61,3.42,57.0,171.4,48.6,26.7,90.22,62.5,65.45,20,2,2.03
4,1,72,1979.4,56.6,59.2,1.2,2.06,0.53,9.0,18.2,5.9,0.0,46.02,30.63,22.38,20,3,0.0
5,1,88,2422.7,69.2,61.0,1.22,3.0,0.9,12.0,24.9,8.5,0.0,55.85,37.5,27.19,20,3,0.0
6,1,105,2892.9,82.7,61.3,1.5,2.7,1.06,15.0,31.5,6.4,0.0,67.55,44.79,32.66,20,3,0.0
7,1,121,3326.3,95.0,62.4,1.55,3.22,1.02,18.0,35.8,8.9,13.4,77.69,51.67,37.98,20,3,0.11
8,1,134,3685.0,105.3,64.8,1.9,5.28,1.21,21.0,43.5,11.9,0.0,86.0,57.29,41.83,20,3,0.0
9,1,139,3821.2,109.2,71.5,2.54,9.93,1.8,24.0,48.3,15.1,4.0,89.71,59.79,43.65,20,3,0.03
10,1,143,3931.9,112.3,79.2,2.65,18.6,1.85,27.0,74.8,18.3,2.6,90.12,61.25,44.35,20,3,0.03
11,1,140,3853.0,110.1,91.0,2.89,29.64,1.89,30.0,86.3,20.1,3.2,90.97,60.42,43.34,20,3,0.02
12,1,142,3906.0,111.6,98.8,3.13,36.93,2.16,33.0,93.8,23.9,3.9,90.76,61.46,44.35,20,3,0.04
13,1,142,3908.8,111.7,108.4,3.38,45.48,2.19,36.0,104.2,28.0,11.9,91.17,61.46,44.65,20,3,0.14
14,1,140,3850.9,110.0,119.5,3.36,56.88,2.32,39.0,119.4,29.9,6.6,90.38,61.04,43.45,20,3,0.1
15,1,141,3876.9,110.8,127.6,3.87,64.13,2.4,42.0,120.5,32.9,7.6,90.19,61.88,44.15,20,3,0.17
16,1,140,3850.5,110.0,138.1,4.27,74.28,2.66,45.0,132.9,36.6,7.8,90.37,61.46,43.24,20,3,0.16
17,1,141,3872.1,110.6,146.5,5.0,81.4,2.82,48.0,137.5,38.8,9.0,90.94,62.08,43.78,20,3,0.31
18,1,140,3849.7,110.0,156.6,5.07,91.58,2.97,51.0,150.7,42.3,8.3,90.06,62.08,43.6,20,3,0.23
19,1,141,3871.8,110.6,164.7,5.82,98.41,3.07,54.0,161.9,44.8,10.5,90.62,62.71,44.02,20,3,0.26
20,1,141,3876.6,110.8,174.3,6.02,108.01,3.65,57.0,170.3,48.2,9.6,90.55,62.71,43.53,20,3,0.42
4,2,72,1976.1,56.5,59.4,0.96,0.06,0.58,9.0,2.6,5.3,27.9,22.65,30.63,67.57,20,1,2.5
5,2,86,2357.7,67.4,62.9,1.77,0.13,1.07,12.0,5.8,8.5,36.4,27.39,36.46,80.23,20,1,3.95
6,2,93,2551.5,72.9,71.1,2.01,0.22,1.27,15.0,6.4,7.3,49.7,30.3,40.21,87.82,20,1,10.5
7,2,95,2612.0,74.6,84.1,1.92,0.32,2.03,18.0,8.8,12.0,80.8,31.28,41.25,88.58,20,1,22.92
8,2,94,2580.5,73.7,99.4,2.43,0.39,2.19,21.0,9.1,14.8,97.4,30.91,41.25,87.5,20,1,37.01
9,2,94,2582.4,73.8,113.8,2.62,0.52,2.26,24.0,11.3,17.9,110.5,31.22,41.67,87.96,20,1,51.25
10,2,95,2618.1,74.8,127.0,2.8,0.6,2.7,27.0,12.2,19.2,123.4,32.08,42.29,87.72,20,1,64.01
11,2,93,2563.0,73.2,143.6,3.11,0.8,3.57,30.0,14.5,23.4,138.7,31.42,42.08,87.06,20,1,79.11
12,2,93,2557.5,73.1,157.7,3.44,1.06,3.5,33.0,17.1,25.1,144.8,31.81,42.5,87.1,20,1,92.98
13,2,92,2533.6,72.4,174.2,3.76,1.24,4.11,36.0,20.5,28.0,172.7,31.87,42.29,86.04,20,1,108.02
14,2,92,2533.6,72.4,187.0,4.48,1.48,4.53,39.0,19.1,32.3,187.0,32.09,43.12,87.08,20,1,119.14
15,2,93,2556.4,73.0,199.6,4.77,1.59,5.48,42.0,20.3,35.6,195.3,32.71,43.54,87.09,20,1,130.77
16,2,91,2504.5,71.6,217.7,5.15,1.87,6.2,45.0,21.4,37.1,204.9,32.61,43.33,86.63,20,1,147.39
17,2,90,2471.9,70.6,232.7,5.77,2.28,6.94,48.0,24.1,41.8,221.2,32.91,43.54,84.82,20,1,159.89
18,2,92,2530.8,72.3,242.8,6.26,2.25,7.7,51.0,24.1,43.2,229.3,33.56,44.38,86.48,20,1,168.66
19,2,93,2557.0,73.1,253.0,6.92,2.39,8.35,54.0,27.2,46.0,248.3,33.79,45.21,86.42,20,1,178.22
20,2,92,2530.4,72.3,269.3,7.33,3.04,9.06,57.0,28.5,50.3,264.9,34.15,45.21,85.55,20,1,193.61
4,2,72,1982.8,56.7,59.6,1.35,0.08,1.02,11.4,3.2,6.5,10.4,22.54,30.42,33.79,20,2,0.66
5,2,89,2446.1,69.9,59.8,1.8,0.17,1.24,14.5,5.1,11.4,9.6,28.59,38.12,41.9,20,2,0.57
6,2,106,2910.3,83.2,60.3,2.08,0.18,1.8,15.0,5.9,7.7,10.8,34.68,45.62,49.82,20,2,0.8
7,2,122,3353.1,95.8,61.9,2.43,0.22,2.2,18.0,8.5,11.6,17.8,39.15,52.08,56.55,20,2,1.4
8,2,138,3795.1,108.4,62.5,2.61,0.34,2.39,21.0,10.1,12.5,14.3,44.24,58.75,64.27,20,2,1.59
9,2,150,4127.2,117.9,65.3,3.18,0.4,3.16,24.0,12.2,17.6,26.7,48.24,64.17,70.43,20,2,2.58
10,2,161,4430.8,126.6,68.4,3.95,0.4,4.17,27.0,11.7,19.3,25.2,51.81,68.75,75.5,20,2,3.46
11,2,171,4699.4,134.3,71.0,4.65,0.6,5.21,30.0,16.5,24.0,29.7,55.68,73.54,79.54,20,2,4.31
12,2,178,4890.1,139.7,75.8,6.15,0.68,6.78,33.0,17.5,64.8,32.7,57.7,76.04,83.72,20,2,5.28
13,2,180,4945.7,141.3,82.1,7.83,0.74,8.4,65.2,18.1,69.7,38.5,58.29,77.29,84.68,20,2,8.71
14,2,181,4975.0,142.1,89.0,9.11,0.86,9.34,39.0,18.7,68.9,45.9,58.68,78.33,84.63,20,2,12.01
15,2,183,5031.6,143.8,95.4,11.01,0.82,11.45,70.1,19.4,69.3,76.0,59.52,78.75,85.94,20,2,14.14
16,2,183,5036.6,143.9,102.7,11.92,1.03,12.42,71.4,18.9,72.3,93.8,59.8,79.38,85.61,20,2,20.07
17,2,184,5058.6,144.5,109.7,12.46,1.21,13.39,73.2,24.8,71.7,88.2,60.59,80.0,86.08,20,2,24.82
18,2,181,4982.0,142.3,118.6,10.92,1.27,10.76,68.2,23.4,43.1,109.4,60.46,79.58,84.86,20,2,38.37
19,2,181,4979.8,142.3,126.3,11.71,1.32,12.29,72.3,26.6,68.2,113.5,60.57,79.79,84.68,20,2,43.65
20,2,184,5059.5,144.6,131.1,16.32,1.59,17.22,75.7,28.8,75.3,113.2,61.28,81.25,85.35,20,2,39.37
4,2,72,1972.6,56.4,59.3,1.45,0.27,1.08,9.1,4.0,5.8,4.2,23.14,30.63,22.53,20,3,0.14
5,2,90,2476.2,70.7,59.6,1.65,0.23,1.72,12.0,4.6,8.6,7.7,28.34,37.92,28.09,20,3,0.22
6,2,104,2860.5,81.7,61.4,2.18,0.35,2.59,17.2,4.7,10.0,6.8,33.78,45.0,32.5,20,3,0.43
7,2,124,3414.5,97.6,60.7,2.51,0.41,2.26,18.0,8.4,18.9,5.3,39.6,52.71,39.36,20,3,0.2
8,2,138,3800.0,108.6,61.9,2.78,0.53,2.47,21.0,9.5,12.7,12.4,44.39,59.38,43.13,20,3,0.39
9,2,153,4210.8,120.3,63.7,3.65,0.56,3.22,24.0,13.4,15.6,11.7,49.16,65.21,47.89,20,3,0.29
10,2,165,4536.7,129.6,66.1,3.85,0.57,4.45,27.0,12.1,20.8,13.3,53.35,70.62,51.49,20,3,0.77
11,2,175,4813.2,137.5,69.4,6.02,0.71,5.8,68.1,16.2,65.5,13.7,55.95,74.58,55.1,20,3,0.71
12,2,179,4924.8,140.7,75.2,7.79,0.78,9.01,33.0,14.9,66.2,12.4,57.82,76.46,56.08,20,3,0.78
13,2,185,5092.0,145.5,79.3,10.56,0.78,10.62,69.4,17.6,27.6,13.6,59.25,79.38,57.54,20,3,0.86
14,2,188,5173.7,147.8,85.3,13.68,1.01,13.41,69.5,19.8,72.1,20.3,60.51,80.42,58.58,20,3,1.1
15,2,188,5170.6,147.7,91.9,16.93,1.1,17.4,76.7,19.6,77.5,20.2,61.2,81.04,59.05,20,3,1.01
16,2,191,5253.8,150.1,97.9,18.97,1.08,20.23,78.0,20.4,78.8,16.7,61.63,82.08,59.66,20,3,1.22
17,2,191,5253.4,150.1,104.8,22.87,1.29,23.58,83.2,23.1,82.6,18.4,62.09,82.29,59.79,20,3,1.07
18,2,193,5308.2,151.7,110.8,25.32,1.26,26.51,86.3,24.8,87.3,22.1,62.49,82.92,60.19,20,3,1.66
19,2,194,5336.4,152.5,117.1,28.24,1.62,29.67,90.1,27.0,90.8,20.9,63.25,83.33,60.94,20,3,1.56
20,2,195,5362.5,153.2,123.5,31.37,1.72,32.77,92.7,30.3,93.3,25.9,63.36,83.75,60.96,20,3,1.98
4,3,71,1952.1,55.8,60.2,1.2,0.0,0.97,9.0,0.0,5.8,26.9,15.47,30.21,66.48,20,1,2.19
5,3,85,2336.3,66.8,63.3,1.71,0.0,1.23,12.0,0.1,7.0,38.9,18.21,36.46,79.65,20,1,3.94
6,3,93,2552.1,72.9,71.7,1.94,0.0,1.89,15.0,0.3,11.4,53.6,20.0,39.79,87.56,20,1,11.21
7,3,93,2557.9,73.1,86.1,1.95,0.03,2.06,18.0,1.5,12.8,77.2,20.45,40.42,87.84,20,1,25.18
8,3,94,2585.1,73.9,99.3,2.32,0.02,2.67,21.0,1.0,15.9,89.9,20.9,41.46,87.7,20,1,36.81
9,3,94,2581.9,73.8,114.0,2.58,0.0,2.75,24.0,0.2,19.0,114.0,20.59,41.46,87.28,20,1,51.78
10,3,94,2582.7,73.8,128.2,2.72,0.02,3.18,27.0,1.1,21.5,126.2,21.02,41.88,87.48,20,1,66.05
11,3,94,2585.9,73.9,141.7,3.1,0.03,3.82,30.0,1.0,24.8,138.4,21.67,42.5,86.84,20,1,77.42
12,3,94,2585.9,73.9,156.5,3.31,0.03,4.57,33.0,1.3,27.8,153.7,21.52,42.71,87.3,20,1,91.54
13,3,93,2562.2,73.2,171.2,3.78,0.05,5.15,36.0,1.0,30.6,167.7,21.7,43.12,87.17,20,1,104.88
14,3,93,2560.8,73.2,185.3,4.15,0.06,6.0,39.0,1.0,33.2,188.8,21.88,43.33,86.99,20,1,117.97
15,3,92,2530.5,72.3,200.5,4.64,0.12,6.74,42.0,2.3,36.8,195.8,21.97,43.54,85.91,20,1,132.28
16,3,91,2497.2,71.3,218.3,5.17,0.02,7.73,45.0,0.9,39.8,207.6,21.4,43.12,86.09,20,1,149.08
17,3,92,2528.1,72.2,228.2,5.89,0.08,8.67,48.0,2.0,43.0,217.8,22.2,44.17,86.47,20,1,156.45
18,3,92,2529.4,72.3,241.2,6.54,0.12,9.52,51.0,1.6,45.6,234.1,22.28,44.58,86.68,20,1,167.44
19,3,92,2532.1,72.3,254.2,7.11,0.09,10.75,54.0,2.1,48.6,245.9,22.38,45.0,86.15,20,1,178.88
20,3,91,2503.6,71.5,271.1,7.57,0.1,12.07,57.0,1.5,52.0,258.6,22.81,45.0,85.74,20,1,193.51
4,3,72,1980.0,56.6,59.2,1.59,0.0,1.32,11.4,0.0,8.8,10.3,15.32,30.42,33.33,20,2,0.61
5,3,89,2450.0,70.0,59.3,1.49,0.01,1.42,12.0,0.8,7.0,13.5,19.24,38.12,41.7,20,2,1.11
6,3,106,2917.2,83.3,60.2,1.75,0.0,1.94,15.0,0.2,14.3,13.8,22.85,45.62,49.68,20,2,1.13
7,3,124,3404.6,97.3,60.5,1.92,0.02,1.91,18.0,1.4,11.8,18.6,26.41,52.71,58.75,20,2,0.98
8,3,136,3743.9,107.0,63.7,2.75,0.0,2.97,21.0,0.0,15.9,22.2,29.18,58.13,63.42,20,2,2.04
9,3,150,4120.4,117.7,65.1,3.24,0.02,3.86,24.0,1.6,63.9,26.9,32.25,64.38,71.13,20,2,2.06
10,3,161,4428.8,126.5,67.9,3.86,0.02,4.16,27.0,0.9,22.0,29.9,34.85,69.17,76.05,20,2,3.06
11,3,172,4728.1,135.1,70.7,4.79,0.01,4.66,30.0,0.9,24.3,37.2,37.04,73.75,80.42,20,2,4.39
12,3,179,4925.0,140.7,75.1,6.36,0.02,7.09,64.0,1.0,27.8,31.6,38.5,76.46,83.41,20,2,4.94
13,3,182,5004.9,143.0,81.4,7.7,0.02,9.36,65.1,1.6,67.1,45.0,38.77,77.71,85.07,20,2,7.71
14,3,182,5005.1,143.0,88.4,9.87,0.02,10.61,67.0,0.9,33.8,45.6,39.89,78.54,85.34,20,2,10.07
15,3,183,5029.9,143.7,95.7,11.44,0.06,12.12,70.8,2.1,69.1,81.9,39.62,78.54,85.74,20,2,14.83
16,3,183,5034.5,143.8,102.6,12.84,0.03,13.46,73.4,0.8,72.5,77.0,40.13,79.58,86.37,20,2,18.56
17,3,184,5052.1,144.3,109.3,13.18,0.01,15.01,75.9,0.7,78.0,97.5,40.58,80.21,85.98,20,2,23.86
18,3,183,5036.8,143.9,117.6,11.88,0.04,13.78,51.0,1.7,69.8,101.3,40.32,80.21,85.83,20,2,33.97
19,3,184,5060.6,144.6,124.3,14.03,0.09,15.9,74.3,2.6,75.4,107.4,40.39,80.83,85.17,20,2,37.2
20,3,184,5056.2,144.5,131.5,14.86,0.1,17.67,74.9,3.2,75.4,119.8,40.93,80.83,85.66,20,2,41.45
4,3,73,2006.7,57.3,59.2,1.71,0.0,1.63,9.0,0.0,11.1,3.4,15.21,30.42,22.79,20,3,0.11
5,3,90,2477.4,70.8,59.2,2.42,0.0,1.65,63.4,0.0,6.9,3.6,19.09,38.12,27.91,20,3,0.07
6,3,105,2895.3,82.7,61.4,2.13,0.01,3.05,15.0,0.8,9.6,11.8,22.23,44.58,32.58,20,3,0.46
7,3,121,3325.4,95.0,61.8,2.72,0.02,3.3,18.0,0.8,12.6,9.7,26.3,52.08,37.53,20,3,0.38
8,3,136,3737.8,106.8,63.4,3.4,0.01,3.91,21.0,0.4,15.4,9.8,28.95,58.33,42.22,20,3,0.41
9,3,154,4227.6,120.8,63.3,3.06,0.02,3.52,24.0,1.6,18.2,11.8,32.8,65.42,48.52,20,3,0.49
10,3,164,4509.6,128.8,66.4,4.53,0.02,5.44,27.0,1.0,65.0,13.0,35.31,70.42,51.16,20,3,0.68
11,3,175,4814.7,137.6,69.4,6.27,0.01,7.16,70.0,1.0,69.6,14.8,37.3,74.79,54.88,20,3,0.58
12,3,181,4977.6,142.2,73.8,7.87,0.04,8.58,33.0,2.0,27.0,12.2,38.66,77.71,56.6,20,3,0.75
13,3,184,5056.3,144.5,79.5,10.04,0.05,11.69,36.0,2.7,68.4,16.3,39.84,79.17,57.35,20,3,0.9
14,3,187,5140.9,146.9,85.8,13.49,0.02,15.11,71.5,1.0,72.8,15.9,40.27,80.0,58.23,20,3,0.88
15,3,188,5167.7,147.6,92.0,17.1,0.01,17.71,77.5,1.0,75.9,22.1,40.92,81.04,58.67,20,3,1.14
16,3,190,5228.3,149.4,98.1,19.26,0.08,20.97,79.7,3.3,79.8,21.7,41.61,81.67,59.49,20,3,1.17
17,3,192,5276.8,150.8,104.4,22.51,0.05,24.25,82.0,2.2,82.6,19.2,41.98,82.29,59.6,20,3,0.93
18,3,193,5305.3,151.6,110.7,25.58,0.07,28.28,87.4,1.9,86.5,21.7,42.02,82.92,60.38,20,3,1.6
19,3,194,5330.8,152.3,116.8,27.76,0.04,30.63,89.2,1.0,87.2,26.8,42.48,83.54,60.93,20,3,1.75
20,3,194,5340.7,152.6,123.2,31.64,0.04,34.97,95.6,1.3,92.9,21.7,42.44,83.96,60.51,20,3,1.45
4,1,71,1948.5,55.7,60.4,1.1,0.66,0.54,9.0,18.2,8.4,16.0,45.15,30.21,66.1,30,1,2.45
5,1,84,2311.8,66.1,64.1,1.49,1.01,1.13,12.0,25.9,8.8,24.7,54.6,36.25,79.74,30,1,4.67
6,1,93,2554.7,73.0,71.3,1.66,1.32,1.0,15.0,30.2,8.2,36.8,61.1,40.21,87.28,30,1,9.95
7,1,93,2557.1,73.1,86.2,1.9,1.84,1.06,18.0,37.9,11.1,77.9,61.45,40.42,88.58,30,1,24.42
8,1,93,2560.9,73.2,101.1,1.94,2.15,1.1,21.0,41.8,15.3,96.1,60.82,40.62,87.51,30,1,39.64
9,1,94,2583.3,73.8,114.5,2.38,2.51,1.12,24.0,45.9,17.0,112.9,62.93,41.46,87.76,30,1,51.68
10,1,94,2581.5,73.8,127.9,2.51,3.46,1.31,27.0,57.2,20.3,124.6,63.74,42.29,87.3,30,1,63.79
11,1,92,2531.5,72.3,145.1,3.05,3.93,1.45,30.0,60.6,24.5,139.6,63.45,41.88,86.9,30,1,79.51
12,1,94,2585.7,73.9,156.6,3.69,4.53,1.99,33.0,64.0,27.7,149.6,64.13,42.71,88.15,30,1,89.61
13,1,92,2525.6,72.2,173.6,3.78,6.21,1.67,36.0,74.4,30.4,159.6,64.01,42.29,87.83,30,1,104.4
14,1,92,2528.3,72.2,188.3,4.02,7.34,1.76,39.0,79.1,32.9,175.3,64.94,42.71,86.49,30,1,118.14
15,1,92,2529.3,72.3,201.1,4.83,9.0,2.14,42.0,87.6,35.4,192.3,65.68,43.33,86.92,30,1,127.16
16,1,92,2531.1,72.3,215.8,5.03,9.97,2.41,45.0,90.4,39.3,203.3,65.85,43.54,86.78,30,1,140.44
17,1,92,2526.8,72.2,228.9,5.76,11.07,2.55,48.0,94.7,42.1,211.3,66.5,43.96,86.89,30,1,151.97
18,1,90,2474.5,70.7,245.9,6.26,14.34,2.91,51.0,101.7,44.5,230.9,66.12,43.96,84.96,30,1,163.4
19,1,90,2474.0,70.7,259.7,6.65,16.2,3.31,54.0,107.0,47.3,250.1,66.68,44.38,84.42,30,1,175.23
20,1,92,2530.1,72.3,268.8,7.35,17.02,3.78,57.0,108.4,50.6,258.9,67.58,45.21,86.28,30,1,182.18
4,1,71,1954.4,55.8,60.2,1.35,1.9,0.81,9.0,15.8,8.4,5.1,46.04,30.42,33.43,30,2,0.09
5,1,88,2426.9,69.3,60.4,1.61,2.38,0.89,12.0,23.2,6.7,2.1,56.1,37.92,41.25,30,2,0.04
6,1,104,2864.2,81.8,62.1,1.67,2.98,1.04,15.0,30.0,11.1,6.7,66.98,44.58,49.26,30,2,0.24
7,1,118,3242.2,92.6,64.2,2.22,4.19,1.25,18.0,39.2,11.7,7.2,77.44,50.62,55.65,30,2,0.26
8,1,132,3629.2,103.7,66.2,2.18,5.7,1.46,21.0,40.9,15.4,11.6,85.44,56.46,61.66,30,2,0.46
9,1,140,3854.3,110.1,70.9,2.53,9.31,1.94,24.0,48.6,18.1,11.9,89.6,60.21,65.68,30,2,0.74
10,1,141,3879.7,110.8,80.3,2.84,17.77,1.96,27.0,70.7,20.1,13.1,90.6,60.62,66.65,30,2,0.87
11,1,140,3852.3,110.1,90.5,3.13,26.89,2.58,30.0,81.9,64.1,13.0,90.65,60.62,66.24,30,2,0.9
12,1,140,3856.6,110.2,100.4,3.14,36.75,2.2,33.0,94.9,27.6,13.0,90.73,60.62,66.09,30,2,0.94
13,1,141,3877.5,110.8,109.0,3.52,44.87,2.3,36.0,104.5,30.6,14.9,90.62,61.25,66.38,30,2,1.0
14,1,141,3880.3,110.9,118.7,3.51,55.39,2.52,39.0,114.0,32.9,14.6,90.06,61.25,65.22,30,2,1.08
15,1,141,3873.1,110.7,128.2,4.34,63.18,2.85,42.0,121.0,36.2,18.5,90.84,61.46,66.21,30,2,1.27
16,1,142,3907.1,111.6,137.1,4.67,70.62,2.89,45.0,130.3,39.1,25.3,90.76,61.88,66.82,30,2,1.83
17,1,141,3877.1,110.8,146.7,4.65,80.56,2.78,48.0,135.0,41.9,19.4,91.31,62.08,65.69,30,2,1.47
18,1,140,3847.9,109.9,156.8,4.95,90.73,2.92,51.0,148.3,45.1,21.1,90.52,61.88,66.05,30,2,1.7
19,1,142,3906.5,111.6,164.5,5.65,95.99,3.15,54.0,160.4,47.6,30.4,90.43,62.5,66.73,30,2,2.45
20,1,141,3878.2,110.8,172.4,6.06,102.92,3.48,57.0,163.4,50.1,32.0,90.83,63.12,66.39,30,2,3.06
4,1,73,2006.2,57.3,58.1,1.04,1.25,0.38,9.0,18.4,3.0,0.0,45.99,31.04,22.67,30,3,0.0
5,1,88,2424.1,69.3,60.6,1.54,2.28,0.85,12.0,24.8,6.8,0.0,57.48,37.71,27.71,30,3,0.0
6,1,105,2889.4,82.6,61.5,1.51,2.9,1.15,15.0,28.9,11.3,0.0,67.66,44.58,33.19,30,3,0.0
7,1,119,3274.9,93.6,63.6,2.27,3.71,1.18,18.0,36.9,12.1,0.0,76.74,50.83,37.22,30,3,0.0
8,1,134,3683.0,105.2,64.9,2.67,4.99,1.46,21.0,40.7,16.0,1.8,86.06,57.29,41.92,30,3,0.01
9,1,138,3793.1,108.4,72.5,2.69,10.61,2.09,24.0,45.0,17.7,2.9,88.7,59.17,42.99,30,3,0.03
10,1,140,3851.8,110.1,81.0,2.62,19.83,1.62,27.0,77.2,20.2,3.8,90.94,60.0,43.52,30,3,0.03
11,1,141,3880.8,110.9,89.8,3.0,28.14,2.09,30.0,90.0,25.0,9.5,90.12,60.83,44.22,30,3,0.11
12,1,142,3908.3,111.7,98.1,3.34,36.46,2.36,33.0,90.0,27.8,3.7,91.47,61.88,44.31,30,3,0.07
13,1,142,3903.1,111.5,108.2,3.99,44.78,2.7,36.0,104.2,31.0,5.0,90.42,61.67,44.56,30,3,0.09
14,1,141,3878.1,110.8,118.7,3.98,54.77,2.72,39.0,111.0,33.2,4.8,90.58,61.46,44.17,30,3,0.08
15,1,140,3846.7,109.9,129.0,4.6,65.04,2.78,42.0,127.6,35.3,6.6,90.4,61.25,43.73,30,3,0.18
16,1,141,3875.8,110.7,137.8,4.73,73.11,2.96,45.0,133.4,38.2,5.5,90.32,61.46,43.94,30,3,0.13
17,1,140,3848.0,109.9,148.1,5.32,82.33,3.18,48.0,139.4,43.0,7.9,90.23,61.46,43.9,30,3,0.2
18,1,140,3854.2,110.1,156.2,5.44,89.95,3.29,51.0,150.6,44.7,7.1,90.54,62.08,44.09,30,3,0.18
19,1,141,3875.9,110.7,164.2,6.14,96.87,3.7,54.0,157.3,48.7,10.1,90.41,62.71,44.07,30,3,0.43
20,1,141,3875.8,110.7,173.5,6.65,105.22,4.15,57.0,164.1,51.3,12.8,90.4,62.71,44.25,30,3,0.34
4,2,72,1973.8,56.4,59.3,1.08,0.1,0.39,9.0,3.8,4.5,29.0,23.15,30.63,67.92,30,1,1.96
5,2,86,2362.6,67.5,62.6,1.45,0.15,0.83,12.0,6.7,6.1,40.6,27.61,36.88,80.67,30,1,3.94
6,2,94,2585.8,73.9,70.6,1.71,0.21,1.2,15.0,6.7,9.4,48.0,30.19,40.42,87.64,30,1,10.57
7,2,93,2558.7,73.1,86.3,2.01,0.29,1.36,18.0,8.0,12.6,87.5,30.18,40.42,87.39,30,1,25.65
8,2,93,2556.2,73.0,100.9,1.86,0.36,1.68,21.0,9.0,15.4,101.7,30.66,40.83,86.69,30,1,39.98
9,2,93,2553.8,73.0,114.9,2.35,0.52,2.22,24.0,10.6,17.7,110.0,31.05,41.46,87.66,30,1,53.19
10,2,94,2581.4,73.8,127.6,2.58,0.76,2.69,27.0,13.9,20.1,121.4,32.01,42.29,87.73,30,1,65.17
11,2,94,2588.5,74.0,142.6,2.94,0.89,2.72,30.0,16.5,23.9,134.5,32.03,42.29,87.7,30,1,79.77
12,2,92,2529.8,72.3,160.3,3.34,0.93,3.43,33.0,14.6,27.6,155.9,31.62,41.88,87.17,30,1,94.83
13,2,92,2532.0,72.3,173.3,3.79,1.22,4.03,36.0,17.8,31.0,167.4,32.12,42.71,86.51,30,1,107.08
14,2,93,2560.9,73.2,184.7,4.26,1.39,4.66,39.0,18.3,33.1,168.2,32.7,43.54,87.19,30,1,117.45
15,2,92,2523.7,72.1,201.9,4.64,1.57,5.37,42.0,20.6,36.2,190.9,32.46,43.12,86.02,30,1,133.16
16,2,90,2478.0,70.8,219.7,5.27,1.93,5.68,45.0,21.8,40.0,217.3,32.48,42.71,85.5,30,1,149.61
17,2,91,2502.1,71.5,231.5,5.52,2.11,6.88,48.0,25.7,42.6,221.7,33.05,43.54,85.51,30,1,159.96
18,2,91,2502.0,71.5,244.5,6.15,2.51,7.41,51.0,25.5,44.9,233.1,33.11,44.38,85.1,30,1,171.71
19,2,92,2535.0,72.4,255.9,6.56,2.38,8.57,54.0,24.0,48.6,248.7,33.68,44.79,85.08,30,1,181.75
20,2,91,2498.3,71.4,269.4,7.38,3.01,9.11,57.0,26.1,51.6,262.7,34.38,45.21,85.03,30,1,193.38
4,2,72,1980.5,56.6,59.5,1.42,0.12,1.26,11.1,3.6,8.4,8.4,22.82,30.42,33.95,30,2,0.42
5,2,90,2477.6,70.8,59.3,1.9,0.17,1.28,14.1,6.1,7.3,14.4,28.65,38.12,42.32,30,2,0.82
6,2,106,2910.1,83.1,60.7,1.96,0.23,1.65,15.0,6.3,9.7,14.1,33.74,45.21,49.94,30,2,1.08
7,2,122,3357.0,95.9,61.6,2.32,0.28,1.75,18.0,9.6,12.5,16.2,38.9,52.08,57.82,30,2,0.94
8,2,137,3766.9,107.6,63.3,2.65,0.33,2.76,21.0,10.5,15.8,19.5,43.6,58.33,64.6,30,2,1.93
9,2,151,4163.8,119.0,65.0,3.07,0.45,3.1,24.0,11.5,17.6,27.0,48.43,64.38,71.21,30,2,2.33
10,2,162,4455.4,127.3,68.0,3.9,0.5,3.97,27.0,14.0,21.6,27.7,52.33,69.17,76.09,30,2,3.0
11,2,170,4676.2,133.6,71.6,5.15,0.56,5.59,30.0,14.3,23.6,32.4,54.65,72.92,80.06,30,2,4.11
12,2,173,4755.4,135.9,77.9,6.96,0.66,8.21,33.0,16.9,68.2,36.3,56.2,74.58,81.16,30,2,5.42
13,2,177,4862.7,138.9,83.5,10.35,0.73,10.92,70.7,17.6,72.9,35.7,57.38,76.04,82.73,30,2,5.72
14,2,180,4945.0,141.3,89.6,13.06,0.76,12.66,72.8,18.0,75.6,43.2,58.79,77.29,84.06,30,2,6.83
15,2,182,5007.8,143.1,96.0,13.84,0.86,14.01,72.3,19.9,72.1,47.4,58.87,78.33,85.62,30,2,9.85
16,2,181,4983.4,142.4,103.7,13.84,1.03,15.07,78.1,20.3,77.6,84.6,59.59,78.54,84.67,30,2,16.58
17,2,182,5007.1,143.1,110.8,15.1,1.19,17.21,77.5,23.7,77.7,96.3,59.51,79.17,85.38,30,2,19.69
18,2,183,5032.3,143.8,117.7,14.7,1.23,15.13,72.2,24.3,69.8,100.3,59.46,79.38,85.86,30,2,28.85
19,2,182,5012.5,143.2,125.4,16.69,1.48,17.4,74.9,27.9,77.6,110.1,60.57,79.79,85.37,30,2,32.77
20,2,181,4973.8,142.1,133.7,16.82,1.57,17.84,79.3,27.9,77.2,115.0,60.58,80.0,85.86,30,2,39.71
4,2,73,2007.6,57.4,58.7,1.24,0.27,0.98,9.0,3.5,5.4,4.3,23.01,30.63,22.64,30,3,0.06
5,2,88,2421.6,69.2,61.0,2.32,0.26,1.76,14.3,5.0,7.0,7.2,28.26,37.5,27.67,30,3,0.2
6,2,106,2912.9,83.2,59.9,2.15,0.43,1.62,15.0,7.7,9.0,7.7,35.15,45.62,33.14,30,3,0.22
7,2,123,3386.4,96.8,60.9,2.44,0.46,2.23,18.0,10.4,12.7,7.5,39.09,52.5,38.58,30,3,0.15
8,2,137,3765.4,107.6,62.5,3.12,0.49,2.99,21.0,9.0,14.2,12.6,44.11,58.96,42.68,30,3,0.32
9,2,150,4127.0,117.9,65.3,4.11,0.49,4.71,24.0,12.2,69.4,11.1,48.63,64.17,47.12,30,3,0.43
10,2,163,4485.9,128.2,66.9,4.79,0.53,5.29,27.0,13.4,68.1,11.7,52.7,70.0,51.02,30,3,0.52
11,2,170,4676.8,133.6,71.1,7.03,0.65,7.02,66.2,17.0,68.3,10.7,55.11,73.33,53.16,30,3,0.42
12,2,177,4869.5,139.1,76.5,8.38,0.74,9.04,33.0,15.9,27.5,14.8,57.36,75.42,55.56,30,3,0.82
13,2,180,4947.0,141.3,82.1,11.45,0.78,12.01,72.2,16.5,65.7,16.2,58.64,77.08,56.52,30,3,0.78
14,2,184,5063.9,144.7,87.6,15.06,0.9,15.05,70.8,19.1,71.7,13.2,59.63,78.54,57.76,30,3,0.66
15,2,186,5115.4,146.2,93.5,17.14,1.06,17.87,76.7,19.7,77.6,16.2,60.4,79.79,58.3,30,3,0.87
16,2,188,5175.8,147.9,99.8,20.06,1.18,21.14,80.9,22.6,79.4,19.1,61.27,80.62,58.5,30,3,1.09
17,2,190,5232.6,149.5,105.8,22.9,1.29,24.15,84.7,22.6,85.9,28.2,61.86,81.46,59.24,30,3,1.56
18,2,191,5257.0,150.2,111.8,26.2,1.29,27.37,90.4,22.4,87.8,18.1,62.25,82.29,59.74,30,3,1.25
19,2,191,5249.9,150.0,118.4,29.07,1.39,30.45,91.8,27.1,90.4,21.9,62.6,82.71,59.92,30,3,1.6
20,2,193,5312.8,151.8,124.6,31.82,1.69,33.1,91.9,27.8,92.6,19.8,62.98,83.12,59.9,30,3,1.47
4,3,69,1897.5,54.2,61.9,1.21,0.0,0.96,9.0,0.0,8.6,35.1,14.73,29.79,65.16,30,1,3.21
5,3,86,2362.5,67.5,62.7,1.63,0.0,0.93,12.0,0.2,6.7,43.4,18.26,36.88,81.19,30,1,3.86
6,3,93,2557.5,73.1,71.6,1.81,0.0,1.54,15.0,0.2,11.5,51.3,19.91,39.79,87.38,30,1,11.74
7,3,93,2554.9,73.0,85.8,1.89,0.01,1.72,18.0,0.5,12.7,87.6,20.41,40.62,87.69,30,1,25.79
8,3,93,2554.8,73.0,101.2,1.8,0.02,2.02,21.0,0.8,15.7,102.3,20.4,40.62,87.12,30,1,40.71
9,3,94,2591.3,74.0,114.3,2.16,0.02,2.32,24.0,0.8,18.1,111.1,20.92,41.46,88.35,30,1,53.36
10,3,92,2527.7,72.2,130.6,2.71,0.05,3.23,27.0,1.6,22.0,117.6,20.84,41.46,87.08,30,1,67.25
11,3,94,2582.5,73.8,142.4,3.17,0.05,3.48,30.0,1.6,24.9,131.6,21.29,42.29,87.98,30,1,78.55
12,3,92,2528.5,72.2,158.8,3.31,0.05,4.22,33.0,1.8,27.8,150.3,21.08,42.29,86.76,30,1,94.35
13,3,92,2531.7,72.3,172.7,3.66,0.05,4.86,36.0,1.2,30.7,169.5,21.42,42.71,86.22,30,1,106.92
14,3,92,2530.3,72.3,187.6,4.16,0.06,5.83,39.0,1.5,33.7,191.0,21.48,42.92,86.07,30,1,120.73
15,3,91,2504.8,71.6,204.0,4.59,0.03,6.53,42.0,0.9,36.9,194.4,21.41,42.71,86.26,30,1,135.16
16,3,92,2528.8,72.3,215.6,4.95,0.03,7.4,45.0,0.9,40.0,205.8,21.85,43.75,86.69,30,1,145.8
17,3,91,2502.7,71.5,230.8,5.55,0.1,8.67,48.0,2.7,42.9,224.2,22.0,43.75,86.4,30,1,159.35
18,3,91,2506.1,71.6,244.9,6.33,0.04,9.62,51.0,1.1,45.8,232.2,21.99,43.96,86.37,30,1,171.6
19,3,92,2529.5,72.3,255.5,6.81,0.09,10.57,54.0,1.7,48.9,249.9,22.5,44.79,85.23,30,1,180.27
20,3,89,2449.3,70.0,276.4,7.41,0.29,11.97,57.0,3.1,51.1,267.8,22.38,44.38,84.38,30,1,199.19
4,3,73,2005.5,57.3,57.5,1.05,0.01,0.8,9.0,0.6,5.5,5.3,15.98,31.46,34.19,30,2,0.22
5,3,88,2420.7,69.2,61.0,1.98,0.01,1.9,14.2,0.6,6.9,17.8,19.06,37.5,41.33,30,2,1.29
6,3,106,2917.5,83.4,60.6,1.93,0.01,1.68,15.0,0.7,9.8,16.1,22.57,45.0,49.37,30,2,1.12
7,3,121,3320.2,94.9,62.2,2.26,0.01,2.25,18.0,0.6,12.8,24.9,26.27,51.88,56.89,30,2,1.42
8,3,138,3797.4,108.5,62.7,2.58,0.02,2.59,21.0,1.0,15.4,17.0,29.48,58.75,64.08,30,2,1.48
9,3,149,4098.1,117.1,65.6,3.13,0.01,3.73,24.0,0.7,18.7,32.6,32.0,63.96,70.12,30,2,2.69
10,3,163,4484.0,128.1,67.3,4.01,0.01,4.47,27.0,0.9,21.8,29.4,35.08,69.58,76.17,30,2,2.21
11,3,169,4643.1,132.7,72.5,5.12,0.06,6.54,30.0,1.9,23.8,36.8,36.32,72.08,79.5,30,2,3.67
12,3,173,4756.1,135.9,78.2,7.71,0.03,8.83,67.5,2.0,64.0,36.8,37.41,74.17,81.81,30,2,4.94
13,3,177,4860.3,138.9,83.8,9.72,0.07,10.92,69.3,2.4,69.9,41.7,38.07,76.04,82.67,30,2,6.19
14,3,179,4919.3,140.6,90.1,11.91,0.01,12.92,72.1,0.7,69.6,44.5,38.85,77.08,83.86,30,2,8.08
15,3,181,4980.9,142.3,96.4,13.45,0.03,15.27,73.4,1.1,72.7,53.0,39.15,78.12,84.74,30,2,10.0
16,3,181,4973.9,142.1,104.0,13.27,0.05,15.06,76.1,1.9,75.1,89.1,39.78,78.33,84.86,30,2,18.2
17,3,180,4949.8,141.4,111.9,14.42,0.06,15.33,77.4,2.0,75.4,94.1,39.85,78.75,85.06,30,2,24.94
18,3,183,5034.9,143.9,117.7,15.11,0.05,17.05,75.6,1.4,72.3,101.3,40.22,79.79,86.22,30,2,27.88
19,3,183,5035.2,143.9,124.6,17.15,0.04,19.15,78.5,1.4,77.6,105.7,40.26,80.0,85.59,30,2,30.47
20,3,183,5028.9,143.7,132.2,18.19,0.06,20.41,79.0,1.1,81.0,109.9,40.55,80.42,85.65,30,2,36.06
4,3,72,1976.8,56.5,59.7,1.6,0.0,1.8,11.3,0.3,8.3,7.1,15.04,30.42,22.53,30,3,0.15
5,3,87,2391.0,68.3,60.8,2.09,0.0,2.8,14.1,0.0,10.2,4.6,18.66,37.92,27.49,30,3,0.2
6,3,106,2914.7,83.3,60.3,2.52,0.01,2.7,15.0,0.9,14.3,9.3,22.63,45.42,32.99,30,3,0.33
7,3,123,3384.0,96.7,61.2,2.48,0.02,2.54,18.0,1.8,12.0,8.3,26.22,52.5,38.62,30,3,0.31
8,3,138,3796.4,108.5,62.7,3.22,0.02,3.5,21.0,0.8,15.9,14.3,29.62,58.54,43.39,30,3,0.45
9,3,150,4125.7,117.9,65.0,3.92,0.03,5.1,24.0,1.3,23.3,12.2,31.85,64.38,46.87,30,3,0.57
10,3,163,4476.2,127.9,67.1,4.81,0.0,5.62,27.0,0.4,64.0,17.2,34.66,69.58,50.62,30,3,0.65
11,3,171,4694.9,134.1,71.1,6.79,0.01,7.73,64.3,0.7,24.9,17.5,36.76,73.33,52.89,30,3,0.71
12,3,177,4872.9,139.2,76.2,9.0,0.02,9.71,66.4,0.9,66.9,14.0,37.95,75.62,55.25,30,3,1.01
13,3,179,4919.6,140.6,81.8,11.04,0.01,12.88,36.0,0.8,72.6,24.9,38.76,77.5,55.66,30,3,1.2
14,3,183,5032.7,143.8,88.2,14.15,0.04,16.19,71.5,1.7,71.4,17.9,39.55,78.33,57.06,30,3,0.9
15,3,187,5143.9,147.0,93.3,17.73,0.03,18.78,75.9,1.6,75.1,17.4,40.55,80.0,58.65,30,3,0.96
16,3,187,5139.1,146.8,100.0,19.99,0.01,22.49,78.9,0.9,80.1,24.3,40.57,80.42,58.91,30,3,1.2
17,3,188,5169.0,147.7,106.2,23.31,0.05,25.2,85.3,1.7,84.4,29.0,40.84,81.46,58.76,30,3,1.44
18,3,190,5219.8,149.1,112.1,25.68,0.04,28.24,86.8,1.3,87.4,28.0,41.78,82.08,60.03,30,3,1.71
19,3,193,5308.0,151.7,117.9,28.95,0.12,31.16,91.3,2.5,90.8,24.7,42.1,82.92,59.96,30,3,1.85
20,3,193,5311.0,151.7,124.3,31.49,0.09,34.79,93.5,2.2,94.0,28.3,42.13,83.33,60.21,30,3,1.95
4,1,72,1975.8,56.4,59.4,1.38,0.65,0.25,9.0,17.1,3.9,17.8,45.56,30.63,68.64,40,1,1.56
5,1,85,2339.2,66.8,63.9,1.89,0.99,0.86,12.0,25.5,8.2,26.1,54.98,36.25,79.71,40,1,4.23
6,1,93,2558.9,73.1,71.1,1.81,1.28,1.07,15.0,29.9,11.3,29.3,59.07,40.21,86.95,40,1,10.7
7,1,94,2585.2,73.9,85.3,1.86,1.62,1.05,18.0,34.5,12.5,79.5,61.06,40.62,87.83,40,1,23.48
8,1,95,2619.1,74.8,98.8,2.38,2.12,1.08,21.0,40.3,15.1,98.7,62.8,41.46,88.62,40,1,36.0
9,1,92,2529.2,72.3,116.1,2.64,2.82,1.18,24.0,50.2,17.3,108.1,62.28,41.04,86.95,40,1,52.44
10,1,93,2556.4,73.0,129.6,2.71,3.16,1.16,27.0,53.9,20.1,130.9,61.98,41.46,86.6,40,1,66.06
11,1,93,2559.6,73.1,144.3,3.08,3.88,1.64,30.0,58.3,24.6,132.9,62.57,41.88,87.53,40,1,78.87
12,1,93,2560.9,73.2,156.9,3.3,4.73,1.84,33.0,65.6,27.1,150.7,64.26,42.71,86.99,40,1,89.77
13,1,93,2560.3,73.2,172.4,3.84,5.83,1.73,36.0,70.7,30.0,170.1,64.13,42.71,87.64,40,1,103.17
14,1,92,2530.3,72.3,188.7,4.07,6.54,2.15,39.0,73.2,33.6,176.0,64.34,42.71,86.58,40,1,118.75
15,1,92,2534.3,72.4,202.3,4.52,8.45,2.41,42.0,82.4,35.5,195.2,65.09,43.12,86.72,40,1,129.23
16,1,92,2529.9,72.3,215.3,5.04,10.02,2.54,45.0,91.9,38.6,207.5,65.99,43.54,86.45,40,1,140.69
17,1,93,2562.0,73.2,226.4,5.56,11.93,2.65,48.0,100.8,41.4,203.4,66.8,44.38,85.94,40,1,147.05
18,1,92,2530.7,72.3,241.8,6.21,13.65,2.99,51.0,107.8,45.3,228.0,66.92,44.58,86.08,40,1,161.31
19,1,90,2480.1,70.9,259.5,6.77,16.89,3.34,54.0,105.2,48.6,247.9,66.75,44.38,84.63,40,1,175.12
20,1,91,2502.6,71.5,272.1,7.46,19.5,3.46,57.0,115.3,50.8,263.0,67.99,44.79,85.27,40,1,183.16
4,1,72,1979.5,56.6,59.1,1.28,1.4,0.86,11.3,18.2,8.7,0.8,45.94,30.63,33.33,40,2,0.01
5,1,87,2392.4,68.4,61.1,1.57,2.04,1.18,12.0,24.1,11.6,1.6,56.26,37.5,40.87,40,2,0.04
6,1,105,2890.4,82.6,61.2,1.58,2.78,0.89,15.0,32.3,8.6,12.3,67.45,45.0,49.42,40,2,0.27
7,1,119,3271.5,93.5,63.7,2.1,4.37,1.38,18.0,36.9,12.1,13.2,77.13,50.83,55.85,40,2,0.24
8,1,133,3663.7,104.7,65.2,2.16,4.44,1.62,21.0,42.0,15.4,14.6,85.49,56.88,62.59,40,2,0.46
9,1,139,3819.2,109.1,72.1,3.01,10.01,2.13,24.0,49.9,18.1,11.1,88.73,59.38,65.31,40,2,0.57
10,1,141,3878.6,110.8,80.4,3.04,17.6,2.44,27.0,74.7,21.7,14.2,90.52,60.42,65.9,40,2,0.89
11,1,143,3937.4,112.5,88.8,3.21,24.65,2.7,30.0,84.3,24.5,13.6,91.28,61.25,67.51,40,2,1.23
12,1,141,3872.5,110.6,99.2,3.62,35.29,2.69,33.0,96.8,27.8,14.0,90.28,61.04,66.54,40,2,0.9
13,1,141,3873.3,110.7,108.7,3.6,44.9,2.63,36.0,100.9,29.8,14.2,90.51,61.25,65.77,40,2,1.09
14,1,141,3879.5,110.8,118.2,3.93,53.22,2.64,39.0,109.2,33.2,18.9,90.24,61.67,65.94,40,2,1.29
15,1,139,3822.8,109.2,129.4,4.5,63.37,3.12,42.0,120.7,36.3,20.3,90.03,61.25,64.37,40,2,1.38
16,1,141,3878.3,110.8,137.8,4.67,71.99,3.16,45.0,132.6,39.0,19.2,90.33,61.88,66.07,40,2,1.46
17,1,142,3907.9,111.7,145.1,5.21,77.16,3.84,48.0,140.0,66.5,28.1,90.31,62.5,65.85,40,2,2.06
18,1,141,3878.0,110.8,155.9,5.35,88.34,3.47,51.0,147.4,44.1,25.4,90.8,62.08,65.88,40,2,2.08
19,1,141,3878.8,110.8,164.8,6.47,95.9,3.39,63.8,153.7,47.1,27.9,90.65,62.5,65.81,40,2,2.16
20,1,140,3847.1,109.9,175.9,5.93,106.6,3.93,57.0,169.4,51.2,29.4,90.68,62.29,65.87,40,2,2.43
4,1,71,1952.2,55.8,59.8,1.22,1.99,0.69,9.0,19.1,8.5,0.0,46.21,30.42,22.41,40,3,0.0
5,1,89,2448.4,70.0,59.7,1.59,2.0,0.67,14.2,24.2,5.9,0.0,57.12,38.12,27.71,40,3,0.0
6,1,105,2886.9,82.5,61.0,1.78,2.58,1.1,15.0,30.5,8.2,0.0,67.65,45.21,32.87,40,3,0.0
7,1,121,3327.9,95.1,62.5,2.17,3.27,1.26,19.1,36.5,12.3,0.0,77.37,51.46,37.88,40,3,0.0
8,1,132,3634.1,103.8,66.1,2.53,5.52,1.94,21.0,43.1,14.4,0.8,84.76,56.46,41.59,40,3,0.01
9,1,138,3794.1,108.4,72.3,3.21,10.33,2.24,24.0,49.1,17.9,1.1,89.15,59.17,42.82,40,3,0.01
10,1,142,3906.8,111.6,79.7,3.42,16.64,2.47,27.0,53.8,21.1,4.3,90.6,60.83,44.07,40,3,0.03
11,1,140,3849.2,110.0,90.5,3.66,27.16,2.82,30.0,84.0,24.0,6.0,90.57,60.42,43.91,40,3,0.08
12,1,139,3824.6,109.3,101.0,3.73,36.91,2.63,33.0,91.6,27.4,7.0,90.89,60.21,43.19,40,3,0.09
13,1,140,3851.6,110.0,110.3,4.11,45.65,2.95,36.0,104.3,30.3,7.8,90.05,60.62,43.83,40,3,0.13
14,1,139,3820.8,109.2,120.4,4.5,55.56,3.2,39.0,114.6,33.6,10.0,89.98,60.62,43.95,40,3,0.17
15,1,141,3871.2,110.6,128.4,4.36,64.6,2.8,42.0,121.1,35.5,4.2,90.78,61.46,43.5,40,3,0.06
16,1,141,3872.1,110.6,137.8,5.4,70.75,3.5,45.0,131.9,39.0,8.8,90.24,61.46,44.11,40,3,0.22
17,1,141,3881.3,110.9,147.2,5.65,80.72,3.58,48.0,141.4,41.4,10.8,89.94,61.88,43.74,40,3,0.36
18,1,140,3846.3,109.9,156.8,5.77,89.54,3.81,51.0,148.4,44.1,7.3,89.72,61.88,43.55,40,3,0.22
19,1,140,3849.3,110.0,166.6,6.28,99.64,3.73,54.0,159.0,48.1,6.0,90.7,62.08,43.61,40,3,0.24
20,1,140,3852.1,110.1,175.3,6.88,107.4,3.98,57.0,169.6,50.8,10.5,90.22,62.29,43.78,40,3,0.28
4,2,71,1954.6,55.8,60.1,1.26,0.07,0.4,9.0,2.8,8.2,29.0,22.77,30.21,67.38,40,1,2.78
5,2,85,2340.9,66.9,63.2,1.83,0.18,0.76,12.0,7.3,8.3,34.5,27.3,36.46,79.51,40,1,4.96
6,2,93,2555.8,73.0,71.2,1.85,0.17,1.42,15.0,5.5,9.8,50.6,30.03,40.21,87.25,40,1,10.74
7,2,92,2524.8,72.1,87.2,2.02,0.33,1.39,18.0,10.2,12.2,82.4,29.97,40.21,87.02,40,1,26.26
8,2,94,2581.4,73.8,99.9,1.95,0.39,1.6,21.0,8.9,14.8,99.3,31.26,41.04,87.35,40,1,39.19
9,2,92,2528.4,72.2,116.1,2.5,0.5,2.31,24.0,10.8,18.4,108.7,31.11,41.04,86.8,40,1,53.22
10,2,94,2586.6,73.9,128.0,2.61,0.72,2.56,27.0,12.4,21.2,120.9,31.44,42.08,87.73,40,1,65.46
11,2,93,2554.4,73.0,143.4,3.07,0.79,2.83,30.0,13.7,24.8,135.8,31.45,42.29,87.47,40,1,78.85
12,2,93,2555.8,73.0,157.7,3.26,1.06,3.08,33.0,16.2,26.6,151.8,32.01,42.5,86.51,40,1,93.3
13,2,95,2613.4,74.7,168.5,3.78,1.19,3.95,36.0,17.2,30.8,161.5,32.85,43.54,87.6,40,1,102.18
14,2,92,2530.7,72.3,188.1,4.07,1.35,4.52,39.0,17.7,33.5,192.1,32.13,42.71,86.81,40,1,120.81
15,2,94,2581.9,73.8,196.3,4.65,1.55,5.21,42.0,20.0,36.1,193.8,33.66,44.38,86.91,40,1,127.93
16,2,91,2502.3,71.5,217.0,5.03,1.79,5.93,45.0,20.7,39.9,213.4,32.12,43.33,85.85,40,1,147.65
17,2,92,2531.7,72.3,229.4,5.56,1.95,6.7,48.0,22.0,42.4,224.6,32.94,43.96,86.06,40,1,158.37
18,2,91,2502.3,71.5,243.7,6.03,2.32,7.55,51.0,24.7,45.1,236.1,32.7,44.17,85.12,40,1,171.5
19,2,92,2531.6,72.3,255.6,6.67,2.6,8.34,54.0,27.2,47.9,247.9,33.73,44.79,85.81,40,1,181.39
20,2,92,2531.7,72.3,268.6,7.36,3.32,8.81,57.0,30.9,50.2,262.9,34.4,45.21,85.4,40,1,192.35
4,2,72,1981.7,56.6,60.3,2.17,0.1,1.14,11.3,3.7,5.8,7.5,22.89,30.0,33.82,40,2,0.44
5,2,89,2449.0,70.0,60.1,2.13,0.19,1.54,14.1,5.6,14.4,15.8,28.53,37.92,41.63,40,2,0.88
6,2,104,2862.3,81.8,61.9,2.56,0.25,2.21,15.0,7.3,9.9,14.5,33.38,44.58,48.33,40,2,1.06
7,2,119,3274.3,93.6,62.9,2.72,0.3,2.34,18.0,9.1,14.2,20.5,38.75,51.46,56.05,40,2,1.61
8,2,136,3739.8,106.9,63.6,3.15,0.36,2.77,21.0,8.2,15.7,13.5,43.61,58.13,63.65,40,2,1.62
9,2,149,4098.2,117.1,65.5,3.15,0.41,3.31,24.0,12.6,19.0,29.0,48.15,63.96,70.36,40,2,2.25
10,2,160,4398.7,125.7,68.7,4.45,0.5,4.57,27.0,13.0,64.1,31.6,51.8,68.54,75.35,40,2,2.87
11,2,167,4593.3,131.2,73.3,6.08,0.57,6.76,30.0,15.4,65.9,36.7,54.11,71.67,78.46,40,2,3.44
12,2,171,4695.7,134.2,79.4,9.58,0.57,8.85,68.1,15.4,27.1,40.5,55.54,73.33,80.38,40,2,4.31
13,2,175,4812.1,137.5,85.0,10.96,0.79,10.76,71.0,18.9,68.4,40.3,56.49,75.0,82.24,40,2,5.86
14,2,179,4923.6,140.7,90.5,13.18,0.74,12.89,69.8,17.3,69.7,37.8,57.61,76.67,83.95,40,2,6.78
15,2,181,4980.5,142.3,97.0,14.36,0.89,14.7,77.3,20.1,74.8,74.2,58.43,77.71,84.87,40,2,9.77
16,2,181,4975.3,142.2,104.0,16.22,1.08,15.98,77.0,22.9,72.8,83.3,59.48,78.54,85.0,40,2,13.67
17,2,181,4970.9,142.0,111.2,16.87,1.19,17.17,81.7,24.4,77.1,94.5,59.46,78.75,84.88,40,2,19.05
18,2,182,5000.7,142.9,117.9,17.49,1.34,18.44,76.2,25.6,78.4,98.2,59.9,79.58,85.58,40,2,22.34
19,2,183,5035.2,143.9,124.4,20.2,1.54,21.37,83.1,28.0,81.3,101.7,60.45,80.21,85.43,40,2,23.82
20,2,181,4976.6,142.2,133.5,18.19,1.52,19.39,75.7,26.1,77.5,113.5,60.29,79.58,84.64,40,2,36.63
4,2,72,1980.0,56.6,59.4,1.67,0.16,1.49,11.3,3.6,8.5,0.5,22.66,30.42,22.52,40,3,0.01
5,2,90,2474.6,70.7,59.4,2.22,0.19,1.57,14.5,5.3,6.3,7.5,28.5,38.12,28.5,40,3,0.19
6,2,107,2944.0,84.1,59.7,2.23,0.28,2.02,15.0,6.2,11.5,7.5,34.41,46.04,33.29,40,3,0.22
7,2,120,3305.0,94.4,62.8,3.14,0.46,2.85,18.0,10.0,11.7,5.7,39.1,51.04,37.46,40,3,0.18
8,2,136,3738.4,106.8,63.7,3.46,0.43,3.6,21.0,10.1,17.2,12.3,43.56,57.92,42.25,40,3,0.48
9,2,149,4099.4,117.1,65.8,4.32,0.6,4.15,24.0,13.7,17.9,9.3,48.43,63.75,46.38,40,3,0.39
10,2,163,4480.7,128.0,67.3,5.54,0.51,4.98,65.4,13.1,21.2,14.6,52.3,69.38,50.76,40,3,0.46
11,2,170,4679.7,133.7,72.0,7.93,0.69,7.36,67.5,15.2,24.9,9.1,54.56,72.5,52.91,40,3,0.49
12,2,174,4784.8,136.7,77.5,9.78,0.66,10.29,70.5,17.0,69.8,14.1,55.88,74.58,54.41,40,3,0.66
13,2,179,4928.4,140.8,82.6,12.1,0.91,12.17,72.0,19.0,69.5,15.2,58.12,76.67,56.04,40,3,1.04
14,2,183,5033.5,143.8,88.2,14.78,1.03,15.42,72.9,17.9,71.5,17.4,58.55,78.12,56.46,40,3,0.78
15,2,184,5068.4,144.8,94.8,17.67,1.0,18.49,79.0,18.2,77.9,17.2,59.08,78.96,57.42,40,3,1.01
16,2,187,5141.6,146.9,100.3,19.44,1.23,21.66,81.4,22.4,80.9,23.4,60.86,80.42,58.9,40,3,1.19
17,2,188,5164.9,147.6,106.4,22.64,1.29,24.55,82.5,25.7,81.9,19.9,61.48,81.25,58.95,40,3,1.33
18,2,190,5226.2,149.3,112.6,25.62,1.38,28.36,89.0,24.1,90.6,21.3,61.65,81.88,59.64,40,3,1.38
19,2,192,5280.7,150.9,118.4,29.05,1.5,30.84,88.8,26.7,89.8,22.9,62.37,82.5,59.82,40,3,1.5
20,2,192,5281.5,150.9,124.9,31.89,1.63,33.72,92.9,27.4,92.6,22.6,63.5,83.12,60.01,40,3,1.27
4,3,70,1925.7,55.0,60.8,1.72,0.0,0.62,11.1,0.2,8.3,26.0,14.98,30.21,65.28,40,1,2.59
5,3,85,2336.8,66.8,63.6,1.84,0.01,0.77,12.0,0.5,6.3,39.1,18.44,36.46,79.92,40,1,4.89
6,3,94,2583.5,73.8,70.9,1.94,0.01,1.37,15.0,0.6,9.1,54.6,20.3,40.21,88.17,40,1,10.52
7,3,94,2584.0,73.8,84.8,1.88,0.01,1.83,18.0,1.0,12.9,78.8,20.43,41.04,87.69,40,1,23.59
8,3,95,2612.1,74.6,98.7,2.15,0.03,2.11,21.0,1.0,15.5,94.0,21.02,41.46,87.98,40,1,37.53
9,3,94,2579.5,73.7,114.4,2.55,0.04,2.45,24.0,1.7,18.8,103.9,20.86,41.46,88.42,40,1,51.43
10,3,94,2582.6,73.8,128.3,2.7,0.03,2.96,27.0,1.2,21.9,124.4,20.93,41.88,88.13,40,1,64.89
11,3,94,2581.9,73.8,142.4,3.01,0.04,3.47,30.0,1.2,25.0,133.8,21.17,42.29,87.81,40,1,78.88
12,3,93,2555.3,73.0,158.6,3.36,0.04,4.12,33.0,1.5,27.8,153.8,21.38,42.29,87.35,40,1,93.66
13,3,91,2504.3,71.6,175.1,3.86,0.04,4.88,36.0,1.0,31.4,164.2,20.98,42.29,86.18,40,1,109.15
14,3,92,2525.5,72.2,188.3,4.35,0.07,5.99,39.0,2.6,33.9,191.6,21.44,42.71,86.63,40,1,120.98
15,3,90,2479.6,70.8,205.1,4.61,0.07,6.58,42.0,2.1,36.8,207.2,21.28,42.71,85.06,40,1,136.67
16,3,92,2530.8,72.3,215.9,4.94,0.02,7.59,45.0,0.7,39.7,214.2,21.61,43.54,85.8,40,1,146.68
17,3,94,2588.1,73.9,224.4,5.6,0.06,8.34,48.0,1.4,43.2,215.4,22.53,44.79,86.92,40,1,152.63
18,3,90,2477.0,70.8,246.8,6.32,0.12,9.41,51.0,2.1,46.1,234.1,21.94,43.75,85.37,40,1,173.96
19,3,90,2476.9,70.8,259.6,6.63,0.08,10.63,54.0,1.0,49.4,254.8,22.38,44.38,84.66,40,1,185.32
20,3,92,2528.8,72.3,267.9,7.33,0.13,11.54,57.0,1.6,51.9,257.3,22.75,45.21,85.03,40,1,191.95
4,3,73,2007.3,57.4,58.3,1.4,0.01,0.86,9.0,0.9,5.7,10.3,15.36,30.83,33.73,40,2,0.44
5,3,89,2440.9,69.7,60.3,1.97,0.0,1.65,14.7,0.0,11.8,19.5,18.84,37.71,41.67,40,2,1.31
6,3,105,2891.6,82.6,61.1,2.19,0.0,1.99,17.5,0.0,14.6,14.1,22.5,44.79,49.02,40,2,1.12
7,3,122,3355.0,95.9,61.8,2.6,0.01,2.18,18.0,1.1,14.1,26.5,25.79,51.88,57.19,40,2,1.35
8,3,137,3762.7,107.5,63.0,3.11,0.0,2.82,21.0,0.6,15.9,22.2,29.4,58.54,63.96,40,2,1.66
9,3,150,4126.2,117.9,65.4,3.63,0.0,3.48,24.0,0.4,18.8,30.1,31.77,63.96,70.89,40,2,2.17
10,3,162,4459.4,127.4,67.8,4.25,0.01,4.83,27.0,0.8,63.8,29.6,34.92,69.17,75.57,40,2,2.63
11,3,168,4624.4,132.1,72.6,6.28,0.0,6.59,65.8,0.3,25.0,36.9,36.01,72.08,78.05,40,2,3.33
12,3,173,4757.4,135.9,78.5,8.72,0.02,8.78,67.1,0.9,64.4,42.2,36.97,73.96,81.75,40,2,4.76
13,3,175,4814.8,137.6,84.9,10.36,0.04,10.9,69.8,1.1,65.3,40.2,38.0,75.21,82.57,40,2,6.35
14,3,179,4923.7,140.7,90.2,12.78,0.03,13.3,72.9,1.2,72.7,43.8,38.65,76.88,83.89,40,2,7.41
15,3,181,4982.1,142.3,96.5,14.37,0.05,15.75,75.5,2.3,75.3,49.9,39.16,77.92,84.62,40,2,9.57
16,3,182,5006.1,143.0,103.6,15.49,0.03,16.8,76.5,1.0,71.2,82.3,39.29,78.33,85.33,40,2,13.61
17,3,180,4956.4,141.6,112.2,15.51,0.04,16.6,76.4,1.2,74.0,97.3,39.38,78.33,85.16,40,2,22.45
18,3,181,4978.5,142.2,118.9,16.56,0.04,17.91,76.0,1.6,75.9,97.8,39.82,79.17,85.54,40,2,26.34
19,3,183,5032.7,143.8,124.7,18.7,0.09,21.48,83.4,3.2,81.6,108.4,40.53,80.0,85.5,40,2,26.73
20,3,182,5004.2,143.0,132.6,19.09,0.05,21.73,82.0,1.5,81.9,115.3,40.41,80.0,85.14,40,2,34.52
4,3,72,1983.4,56.7,59.1,1.71,0.01,1.23,9.0,0.5,5.4,1.5,15.39,30.63,22.61,40,3,0.03
5,3,88,2419.5,69.1,60.3,2.06,0.0,1.99,14.1,0.2,11.1,12.1,19.03,37.92,27.24,40,3,0.46
6,3,106,2917.0,83.3,60.6,2.53,0.0,2.74,15.2,0.0,9.9,6.7,22.81,45.21,33.03,40,3,0.24
7,3,121,3329.8,95.1,62.1,2.95,0.01,3.19,18.0,0.9,12.9,8.9,25.74,51.67,37.8,40,3,0.41
8,3,137,3767.2,107.6,63.2,3.6,0.01,3.54,21.0,1.1,15.9,12.4,29.51,58.33,42.93,40,3,0.46
9,3,150,4124.7,117.8,64.9,4.07,0.02,4.43,24.0,1.0,18.3,13.8,32.11,64.38,47.33,40,3,0.48
10,3,162,4456.1,127.3,67.6,5.22,0.0,6.03,72.2,0.7,70.0,16.8,34.68,69.17,50.79,40,3,0.71
11,3,170,4671.7,133.5,71.7,7.24,0.01,7.88,30.0,0.5,63.5,14.4,36.33,72.71,52.86,40,3,0.64
12,3,174,4785.9,136.7,77.3,8.94,0.01,10.52,33.0,0.7,66.3,18.1,37.86,74.79,54.4,40,3,0.99
13,3,179,4928.3,140.8,82.7,12.19,0.03,13.16,70.1,1.7,69.0,20.8,38.59,76.67,56.07,40,3,0.8
14,3,181,4988.2,142.5,89.1,15.22,0.03,16.21,75.7,1.1,75.8,22.1,39.25,77.5,56.28,40,3,0.86
15,3,184,5057.9,144.5,94.4,17.78,0.02,19.03,77.2,1.3,76.4,19.9,39.75,79.17,57.4,40,3,1.25
16,3,187,5142.5,146.9,100.2,20.45,0.07,22.51,78.8,1.9,79.9,23.4,40.46,80.42,58.29,40,3,1.02
17,3,189,5193.6,148.4,105.8,22.86,0.04,25.18,83.0,1.3,85.2,24.3,41.47,81.46,59.07,40,3,1.35
18,3,190,5223.1,149.2,112.3,26.37,0.04,28.62,87.6,2.1,88.0,24.9,41.31,82.08,58.96,40,3,1.47
19,3,192,5280.9,150.9,118.6,28.94,0.03,31.52,90.6,1.3,90.4,31.9,41.48,82.5,60.25,40,3,2.21
20,3,193,5303.4,151.5,124.3,31.87,0.06,35.03,95.6,2.5,95.8,29.9,42.32,83.33,60.25,40,3,1.89
4,1,70,1927.6,55.1,60.9,1.84,0.63,0.9,9.0,18.6,3.4,21.0,45.23,30.21,65.37,50,1,2.21
5,1,84,2308.4,66.0,64.1,1.96,0.95,1.08,12.0,23.1,6.5,19.8,54.35,36.04,78.99,50,1,3.62
6,1,94,2578.3,73.7,70.4,2.14,1.29,1.23,15.0,30.5,8.4,32.4,60.38,40.42,87.1,50,1,9.38
7,1,94,2589.5,74.0,85.3,2.26,1.74,1.42,18.0,35.6,12.1,75.5,61.18,40.62,88.26,50,1,23.15
8,1,93,2556.4,73.0,100.1,2.59,2.16,1.57,21.0,41.9,15.3,95.3,61.95,41.04,87.44,50,1,36.88
9,1,94,2587.8,73.9,114.2,2.76,2.69,1.69,24.0,48.3,18.8,110.8,62.69,41.46,87.6,50,1,50.37
10,1,93,2554.9,73.0,129.8,3.06,3.19,1.86,27.0,52.8,21.8,121.1,62.17,41.46,87.65,50,1,63.65
11,1,94,2588.3,74.0,142.2,3.21,4.0,2.61,30.0,59.4,64.9,134.3,63.62,42.29,87.88,50,1,76.26
12,1,93,2555.9,73.0,157.7,3.7,4.91,2.57,33.0,69.1,65.5,154.7,63.18,42.5,87.28,50,1,90.22
13,1,93,2560.5,73.2,171.4,3.79,5.32,2.41,36.0,69.6,30.9,166.1,63.94,42.92,86.6,50,1,103.35
14,1,91,2502.5,71.5,188.9,4.36,7.17,2.34,39.0,77.7,33.4,179.3,63.17,42.71,85.51,50,1,117.21
15,1,92,2528.8,72.3,202.3,4.98,8.24,2.74,42.0,84.7,36.2,190.0,65.16,43.12,87.35,50,1,128.82
16,1,92,2529.6,72.3,215.3,5.22,9.6,2.8,45.0,89.8,39.3,196.1,65.59,43.54,85.6,50,1,139.75
17,1,91,2503.7,71.5,232.3,6.19,11.43,2.94,48.0,95.0,42.8,216.4,66.01,43.54,86.06,50,1,153.35
18,1,91,2504.1,71.5,245.2,6.47,15.34,3.32,51.0,106.5,44.2,229.4,66.61,43.96,85.92,50,1,160.75
19,1,91,2504.6,71.6,258.8,7.37,16.06,3.48,54.0,108.4,47.1,247.0,66.78,44.38,86.45,50,1,173.6
20,1,91,2501.7,71.5,270.5,7.53,19.26,4.21,57.0,114.4,51.3,262.5,67.22,45.0,84.31,50,1,180.88
4,1,71,1951.5,55.8,59.8,1.39,1.24,0.9,11.7,17.7,8.7,3.8,45.29,30.42,33.51,50,2,0.07
5,1,88,2423.5,69.2,60.5,1.41,2.41,0.99,12.0,26.2,5.7,2.8,57.01,37.71,41.25,50,2,0.05
6,1,103,2834.3,81.0,61.9,1.94,3.03,1.05,15.0,30.8,8.8,5.5,68.21,44.38,47.9,50,2,0.11
7,1,120,3298.7,94.2,62.9,2.16,3.07,1.34,18.0,37.7,11.1,13.2,76.53,51.25,55.97,50,2,0.52
8,1,133,3654.3,104.4,65.6,2.32,4.25,2.17,21.0,41.9,15.7,12.1,84.7,56.88,61.97,50,2,0.57
9,1,139,3827.5,109.4,71.8,3.22,8.8,2.42,24.0,46.0,18.6,13.9,89.33,59.58,64.91,50,2,0.86
10,1,140,3853.2,110.1,80.8,3.19,16.43,2.53,27.0,55.2,20.5,12.2,89.97,60.42,65.5,50,2,0.9
11,1,141,3873.8,110.7,89.8,3.53,26.1,2.78,30.0,80.5,23.4,12.6,90.52,60.83,66.17,50,2,0.86
12,1,141,3873.8,110.7,99.2,4.42,33.49,3.04,64.5,91.9,27.4,14.5,90.33,61.04,66.0,50,2,1.26
13,1,141,3880.1,110.9,109.0,3.9,43.86,3.22,36.0,101.1,30.8,17.3,90.76,61.25,65.97,50,2,1.24
14,1,140,3846.6,109.9,120.0,4.19,54.74,3.39,39.0,109.9,33.8,15.3,90.08,60.83,65.15,50,2,1.17
15,1,141,3874.2,110.7,128.4,4.48,62.28,3.09,42.0,121.6,35.4,15.4,90.51,61.46,65.65,50,2,1.25
16,1,141,3876.2,110.7,137.2,4.9,70.44,3.62,45.0,133.8,39.2,21.7,90.76,61.88,66.06,50,2,1.56
17,1,140,3851.9,110.1,147.8,5.2,80.29,3.57,48.0,142.1,41.5,23.6,90.2,61.88,65.45,50,2,1.5
18,1,140,3849.9,110.0,156.8,5.6,87.59,3.91,51.0,144.7,44.8,29.2,90.34,62.08,65.26,50,2,2.58
19,1,139,3821.6,109.2,166.3,6.08,96.7,4.14,54.0,159.9,48.2,26.9,90.77,62.08,65.18,50,2,2.27
20,1,140,3849.0,110.0,175.1,6.74,103.72,4.54,57.0,164.8,50.5,29.2,89.89,62.5,65.64,50,2,2.64
4,1,73,2006.5,57.3,58.8,1.3,1.68,0.85,9.0,17.9,5.1,0.0,46.02,30.63,22.71,50,3,0.0
5,1,88,2418.0,69.1,60.9,1.81,1.9,1.33,12.0,25.0,11.4,0.0,56.51,37.5,27.93,50,3,0.0
6,1,103,2825.9,80.7,62.9,2.0,3.41,1.2,15.0,29.7,14.6,0.0,66.62,43.96,32.21,50,3,0.0
7,1,118,3244.7,92.7,63.9,2.15,4.14,1.45,18.0,36.9,12.3,0.0,76.53,50.83,36.68,50,3,0.0
8,1,132,3624.2,103.5,65.8,2.41,5.52,1.93,21.0,40.6,15.6,0.0,84.59,56.67,41.24,50,3,0.0
9,1,140,3854.0,110.1,71.1,2.96,9.43,2.61,24.0,70.5,17.4,0.0,89.97,60.0,43.99,50,3,0.0
10,1,140,3855.0,110.1,80.8,3.11,17.89,2.72,27.0,77.9,21.7,9.6,90.08,60.21,43.62,50,3,0.17
11,1,141,3874.2,110.7,89.9,3.65,26.6,2.8,30.0,82.3,24.9,4.9,90.56,60.83,44.0,50,3,0.05
12,1,140,3856.3,110.2,100.3,3.65,37.15,2.76,33.0,93.2,26.6,11.9,90.54,60.62,43.34,50,3,0.11
13,1,143,3929.5,112.3,107.5,4.38,41.94,3.25,36.0,96.7,31.0,6.6,91.4,62.08,44.74,50,3,0.08
14,1,141,3879.1,110.8,118.0,4.9,51.88,3.41,39.0,108.7,33.9,7.2,90.49,61.67,43.93,50,3,0.18
15,1,141,3874.8,110.7,128.8,5.33,62.31,3.56,42.0,121.5,35.1,8.0,90.24,61.25,44.16,50,3,0.16
16,1,142,3906.3,111.6,135.9,5.34,69.6,3.58,45.0,123.8,38.1,5.3,90.72,62.29,44.44,50,3,0.18
17,1,140,3852.5,110.1,147.3,5.46,81.29,3.73,48.0,144.3,41.2,5.8,89.68,61.88,43.75,50,3,0.15
18,1,142,3901.6,111.5,155.2,6.22,86.55,4.28,51.0,142.8,44.8,7.7,90.27,62.29,44.0,50,3,0.23
19,1,140,3850.3,110.0,166.7,6.16,98.09,4.58,54.0,152.9,63.6,11.9,90.92,61.88,44.09,50,3,0.27
20,1,141,3882.8,110.9,174.6,7.09,105.73,4.54,57.0,167.9,50.5,14.7,90.34,62.5,43.94,50,3,0.49
4,2,71,1955.3,55.9,60.4,1.55,0.08,0.71,9.0,2.5,5.4,29.6,22.67,30.21,66.97,50,1,2.27
5,2,85,2339.0,66.8,63.9,2.0,0.17,1.35,12.0,5.9,6.5,40.4,27.24,36.04,80.42,50,1,4.62
6,2,95,2613.5,74.7,70.0,2.28,0.22,1.74,15.0,7.0,9.4,51.1,30.56,40.62,88.69,50,1,9.63
7,2,94,2586.2,73.9,85.0,2.38,0.27,2.1,18.0,9.2,12.9,77.5,30.59,40.62,88.67,50,1,23.15
8,2,94,2580.9,73.7,99.6,2.68,0.47,2.04,21.0,9.7,14.4,92.4,31.16,41.04,88.17,50,1,37.21
9,2,94,2587.2,73.9,114.3,2.75,0.57,2.65,24.0,12.5,17.5,108.0,31.33,41.46,87.74,50,1,50.83
10,2,92,2532.9,72.4,130.2,2.95,0.61,2.89,27.0,11.6,22.0,122.5,31.5,41.46,87.06,50,1,66.32
11,2,93,2556.0,73.0,143.7,3.23,0.81,3.42,30.0,14.9,24.0,135.4,31.6,42.08,86.91,50,1,78.96
12,2,93,2562.4,73.2,157.0,3.57,0.9,3.94,33.0,15.7,27.8,155.2,32.01,42.71,86.17,50,1,91.83
13,2,93,2557.0,73.1,171.2,4.14,1.11,4.19,36.0,16.2,30.4,167.1,32.09,42.92,86.7,50,1,104.99
14,2,93,2552.9,72.9,185.9,4.31,1.34,5.06,39.0,19.1,33.7,178.4,32.48,43.12,86.88,50,1,117.86
15,2,92,2527.1,72.2,202.2,4.93,1.43,5.56,42.0,19.4,36.9,192.9,32.4,43.12,86.18,50,1,132.74
16,2,91,2506.8,71.6,216.8,5.66,2.01,6.21,45.0,22.1,38.3,202.7,33.1,43.54,86.55,50,1,145.63
17,2,91,2506.4,71.6,231.1,5.92,2.12,6.96,48.0,23.8,42.6,227.5,32.81,43.75,85.67,50,1,159.16
18,2,90,2470.8,70.6,246.3,6.67,2.22,8.24,51.0,23.0,45.5,233.4,33.09,43.96,84.67,50,1,172.27
19,2,91,2503.6,71.5,258.5,7.01,2.53,8.91,54.0,26.5,48.5,254.7,33.76,44.38,85.53,50,1,182.73
20,2,92,2531.0,72.3,268.3,7.79,2.82,9.43,57.0,28.0,51.6,264.3,33.73,45.21,85.88,50,1,191.86
4,2,71,1952.5,55.8,60.3,1.92,0.12,1.56,9.0,4.0,8.4,10.1,22.63,30.21,33.59,50,2,0.42
5,2,88,2414.8,69.0,60.6,1.9,0.11,1.91,12.0,5.2,14.7,10.8,28.27,37.71,40.97,50,2,0.82
6,2,104,2856.9,81.6,61.6,2.46,0.28,1.61,15.0,6.2,8.7,17.9,33.68,44.79,49.36,50,2,1.17
7,2,119,3269.8,93.4,63.9,2.84,0.29,2.64,18.0,7.2,12.4,19.6,38.75,50.83,55.76,50,2,1.43
8,2,135,3714.2,106.1,64.1,3.03,0.27,3.17,21.0,8.8,15.1,20.7,43.5,57.71,63.22,50,2,1.71
9,2,149,4095.7,117.0,65.7,3.77,0.43,3.26,24.0,12.3,17.8,27.2,47.86,63.75,70.04,50,2,2.14
10,2,159,4371.3,124.9,69.3,4.65,0.47,5.17,27.0,12.6,64.3,26.6,50.97,67.92,74.95,50,2,3.02
11,2,165,4540.4,129.7,74.3,6.37,0.47,7.2,30.0,14.8,65.9,33.3,53.14,70.83,78.59,50,2,3.6
12,2,170,4667.1,133.3,79.5,8.82,0.56,9.2,66.6,15.5,63.9,32.3,55.26,73.12,80.16,50,2,3.93
13,2,174,4794.7,137.0,85.7,10.66,0.72,10.9,70.7,18.5,67.1,45.0,56.31,74.58,81.94,50,2,6.13
14,2,178,4892.7,139.8,91.2,13.16,0.89,13.77,74.6,18.5,72.9,43.1,57.68,76.04,83.24,50,2,6.88
15,2,179,4918.6,140.5,97.5,14.6,0.96,15.62,74.4,21.7,72.5,73.1,58.65,77.29,84.01,50,2,9.52
16,2,180,4945.8,141.3,104.9,16.92,1.09,16.49,78.2,22.1,74.7,76.5,58.76,77.92,84.5,50,2,12.88
17,2,182,5000.7,142.9,111.0,17.09,1.21,18.03,80.8,23.6,81.6,93.3,59.55,78.75,85.03,50,2,16.93
18,2,182,5005.9,143.0,117.9,18.19,1.32,19.46,80.3,25.0,78.0,94.8,59.95,79.17,85.32,50,2,21.52
19,2,183,5029.2,143.7,125.3,18.62,1.52,20.32,81.0,28.6,80.1,103.9,59.85,79.58,85.32,50,2,27.98
20,2,182,5004.4,143.0,132.6,20.58,1.62,21.98,78.5,27.5,77.9,99.1,60.78,80.0,85.28,50,2,31.11
4,2,72,1980.7,56.6,59.1,1.85,0.1,1.11,9.0,2.3,5.8,2.2,22.78,30.63,22.53,50,3,0.03
5,2,89,2446.1,69.9,60.9,2.68,0.42,2.24,12.0,5.2,8.6,2.4,28.41,37.5,27.87,50,3,0.11
6,2,106,2914.9,83.3,60.5,2.28,0.3,1.69,15.0,6.3,9.2,3.6,34.37,45.42,33.15,50,3,0.12
7,2,122,3354.2,95.8,61.9,2.98,0.38,3.02,18.0,8.3,12.3,11.4,39.09,52.08,37.54,50,3,0.34
8,2,134,3679.6,105.1,65.1,3.62,0.47,4.16,21.0,9.6,15.9,12.5,41.93,56.88,42.1,50,3,0.45
9,2,151,4151.5,118.6,65.1,4.29,0.53,4.24,24.0,11.6,65.9,9.8,47.98,64.17,47.89,50,3,0.4
10,2,158,4347.6,124.2,69.8,5.7,0.67,6.27,27.0,13.4,20.8,10.9,51.01,67.5,49.45,50,3,0.52
11,2,167,4593.7,131.2,73.3,7.63,0.64,8.0,65.8,13.6,66.4,12.7,53.68,71.46,52.32,50,3,0.76
12,2,173,4761.2,136.0,78.1,9.49,0.73,10.17,68.0,16.3,65.4,11.9,55.85,73.96,54.19,50,3,0.77
13,2,177,4866.7,139.0,83.6,12.29,0.87,13.45,71.3,18.7,71.4,14.3,57.1,75.83,55.42,50,3,0.62
14,2,181,4977.1,142.2,88.9,14.71,1.13,15.12,69.8,18.6,69.2,18.7,58.57,77.71,56.62,50,3,0.97
15,2,183,5033.8,143.8,95.2,17.94,0.85,19.31,77.9,19.1,78.6,20.1,59.8,78.75,57.09,50,3,1.01
16,2,186,5109.7,146.0,101.0,20.18,1.21,22.0,79.0,22.5,81.1,15.9,60.44,79.79,58.24,50,3,1.0
17,2,187,5146.7,147.0,107.4,23.9,1.23,25.07,85.4,23.9,85.0,17.8,60.82,80.42,58.29,50,3,1.28
18,2,190,5219.6,149.1,113.0,25.94,1.48,28.17,88.6,26.9,90.4,24.0,61.92,81.46,59.59,50,3,1.46
19,2,191,5260.0,150.3,119.2,29.21,1.58,30.54,93.4,27.4,90.8,24.5,62.21,82.08,59.78,50,3,1.55
20,2,192,5282.0,150.9,124.7,32.22,1.64,33.47,91.7,28.4,89.7,26.9,63.09,83.12,59.87,50,3,1.58
4,3,70,1929.9,55.1,61.2,1.6,0.01,1.03,9.0,0.7,5.8,26.5,15.1,29.79,65.73,50,1,2.38
5,3,85,2338.4,66.8,63.9,2.68,0.0,1.29,64.2,0.1,8.1,45.8,18.13,36.04,79.47,50,1,4.42
6,3,93,2560.2,73.1,71.0,2.2,0.02,1.69,15.0,0.8,11.1,49.3,20.14,40.21,86.92,50,1,10.04
7,3,96,2637.0,75.3,82.5,2.57,0.02,2.24,18.0,1.0,13.9,58.1,21.16,41.67,88.84,50,1,20.72
8,3,94,2578.0,73.7,99.0,2.6,0.02,2.34,21.0,1.4,16.4,93.9,20.36,41.46,88.12,50,1,37.94
9,3,93,2558.3,73.1,115.6,2.63,0.02,2.81,24.0,0.9,20.1,112.5,20.55,41.04,87.44,50,1,53.38
10,3,93,2558.6,73.1,129.3,3.23,0.03,3.32,27.0,1.0,23.2,121.0,20.85,41.88,87.79,50,1,65.06
11,3,94,2590.0,74.0,142.3,3.3,0.03,4.32,30.0,0.9,26.2,137.2,21.48,42.29,88.06,50,1,77.49
12,3,93,2554.0,73.0,157.8,3.64,0.04,4.58,33.0,0.9,27.9,148.9,21.18,42.5,86.83,50,1,93.71
13,3,91,2498.7,71.4,175.1,4.06,0.07,5.26,36.0,1.7,31.3,167.0,21.28,42.29,86.09,50,1,108.73
14,3,91,2495.9,71.3,189.9,4.34,0.08,6.13,39.0,1.8,35.0,185.4,21.27,42.5,85.99,50,1,121.76
15,3,92,2530.3,72.3,202.8,4.91,0.11,6.89,42.0,1.7,36.6,194.3,21.71,43.12,86.64,50,1,133.9
16,3,93,2556.2,73.0,213.5,5.33,0.05,7.74,45.0,1.2,40.0,205.9,22.06,43.96,86.39,50,1,143.45
17,3,90,2476.5,70.8,233.1,6.14,0.13,8.74,48.0,1.5,44.0,230.4,21.82,43.54,85.88,50,1,160.64
18,3,92,2530.9,72.3,243.0,6.38,0.12,9.54,51.0,2.7,46.0,231.4,22.17,44.38,86.39,50,1,170.03
19,3,91,2500.9,71.5,256.4,7.19,0.09,10.79,54.0,1.5,48.8,243.0,22.31,44.58,85.5,50,1,181.15
20,3,90,2476.9,70.8,273.7,7.69,0.1,12.14,57.0,1.7,53.5,266.0,21.97,44.58,85.15,50,1,197.07
4,3,73,2006.3,57.3,59.2,1.89,0.0,1.05,11.3,0.1,5.9,4.4,15.18,30.42,34.01,50,2,0.2
5,3,88,2423.1,69.2,60.9,2.21,0.0,2.41,14.4,0.1,11.5,8.9,18.69,37.5,41.07,50,2,0.95
6,3,105,2884.2,82.4,61.1,2.16,0.01,2.01,15.0,0.5,9.8,20.5,22.46,45.0,49.12,50,2,1.2
7,3,121,3331.0,95.2,62.2,2.43,0.02,2.64,18.0,0.8,14.9,21.9,25.58,51.46,56.52,50,2,1.42
8,3,136,3736.4,106.8,63.6,2.89,0.01,2.88,21.0,0.5,15.9,21.3,29.39,57.92,63.98,50,2,1.74
9,3,148,4073.8,116.4,66.1,3.85,0.02,3.75,24.0,0.6,20.2,29.7,32.01,63.54,69.38,50,2,1.75
10,3,159,4369.7,124.8,69.2,4.84,0.02,5.12,27.0,1.0,22.7,25.4,34.0,68.12,73.68,50,2,2.84
11,3,167,4586.7,131.0,73.5,6.62,0.01,7.65,30.0,1.0,65.4,33.2,35.67,71.25,78.4,50,2,3.01
12,3,171,4704.3,134.4,79.4,9.55,0.03,9.44,70.1,1.5,27.8,35.4,36.77,73.33,80.67,50,2,3.79
13,3,174,4780.1,136.6,85.7,10.91,0.03,11.87,72.8,0.9,69.5,45.2,37.54,74.58,81.64,50,2,5.83
14,3,178,4892.9,139.8,90.9,13.56,0.02,14.27,72.7,1.0,72.1,47.3,38.34,76.46,83.1,50,2,6.44
15,3,179,4929.8,140.9,97.8,14.59,0.06,15.71,72.7,1.9,72.7,74.8,38.45,77.08,83.98,50,2,10.7
16,3,180,4944.8,141.3,104.7,16.73,0.04,18.08,78.9,2.0,78.6,82.0,39.53,77.92,84.56,50,2,13.26
17,3,182,5008.2,143.1,111.0,16.85,0.03,18.77,75.9,1.5,78.1,88.2,39.96,78.54,85.19,50,2,17.64
18,3,184,5053.1,144.4,117.3,19.72,0.05,22.12,81.0,1.9,83.6,96.0,40.28,79.58,85.6,50,2,17.93
19,3,181,4982.2,142.3,126.3,17.18,0.05,19.62,76.4,1.4,75.8,108.6,39.99,79.17,85.19,50,2,32.08
20,3,181,4980.8,142.3,133.2,18.85,0.02,21.35,79.0,1.3,80.7,112.1,40.17,79.79,85.16,50,2,34.98
4,3,72,1984.5,56.7,60.3,1.94,0.02,2.46,9.0,1.0,8.3,4.5,15.3,30.0,22.28,50,3,0.12
5,3,86,2369.0,67.7,61.4,2.61,0.01,2.79,12.0,0.6,8.6,4.0,18.67,37.5,26.69,50,3,0.2
6,3,105,2886.7,82.5,61.2,2.5,0.01,2.72,17.2,0.9,11.1,8.8,22.68,44.79,32.76,50,3,0.33
7,3,121,3329.0,95.1,62.2,3.31,0.02,2.77,18.0,0.9,12.5,5.1,26.19,51.88,37.81,50,3,0.1
8,3,136,3736.9,106.8,63.1,3.39,0.01,3.31,21.0,1.0,15.9,11.5,29.14,58.54,42.28,50,3,0.51
9,3,149,4098.6,117.1,65.6,4.48,0.0,4.62,24.0,0.5,18.8,13.6,32.0,63.75,46.65,50,3,0.41
10,3,159,4367.7,124.8,69.3,5.83,0.01,7.0,27.0,0.7,65.2,12.6,34.19,67.92,49.45,50,3,0.53
11,3,168,4619.8,132.0,72.9,7.63,0.02,8.33,30.0,0.8,63.2,11.4,35.72,71.88,52.77,50,3,0.64
12,3,173,4756.1,135.9,78.3,9.48,0.02,11.24,33.0,0.9,69.8,18.0,37.15,73.96,54.34,50,3,0.87
13,3,178,4895.5,139.9,83.4,12.4,0.02,13.3,71.1,1.1,68.6,20.5,38.31,76.04,56.23,50,3,0.76
14,3,181,4977.4,142.2,89.0,15.17,0.04,15.78,71.8,2.1,34.6,18.3,38.83,77.71,56.26,50,3,0.84
15,3,184,5064.4,144.7,94.9,17.7,0.03,19.76,76.3,1.1,75.8,19.5,39.67,78.96,57.53,50,3,1.09
16,3,185,5086.9,145.3,101.3,21.5,0.02,22.76,83.5,0.8,81.9,20.5,40.41,79.58,57.28,50,3,1.04
17,3,189,5190.4,148.3,106.3,23.48,0.05,25.42,80.6,1.7,81.8,20.5,40.75,81.25,59.1,50,3,0.94
18,3,189,5194.7,148.4,113.1,26.53,0.06,28.62,88.7,2.3,89.9,22.2,41.07,81.67,59.15,50,3,1.55
19,3,191,5249.0,150.0,118.8,29.51,0.05,32.27,92.6,1.6,93.0,22.3,41.73,82.29,60.03,50,3,1.43
20,3,192,5274.9,150.7,125.0,32.21,0.01,34.99,89.6,0.5,93.1,33.4,41.59,82.92,59.75,50,3,2.16
4,1,71,1952.5,55.8,60.5,1.8,0.66,1.03,9.0,17.6,5.6,12.6,45.57,30.21,66.09,60,1,1.49
5,1,84,2313.2,66.1,64.7,2.14,1.04,1.31,12.0,23.3,8.4,21.0,54.19,36.04,79.15,60,1,3.9
6,1,95,2611.3,74.6,70.0,2.38,1.37,2.11,15.0,29.7,8.8,28.6,61.47,40.62,88.78,60,1,7.78
7,1,95,2609.7,74.6,83.6,2.48,1.98,2.08,18.0,37.6,11.5,32.9,62.49,41.46,88.69,60,1,19.49
8,1,93,2563.0,73.2,100.4,2.5,2.31,2.26,21.0,44.9,15.2,94.7,61.7,41.04,86.82,60,1,35.66
9,1,94,2585.0,73.9,113.6,3.78,2.48,2.43,64.3,44.0,18.9,106.0,63.36,41.88,87.47,60,1,48.79
10,1,94,2582.8,73.8,127.8,3.16,3.55,2.17,27.0,56.0,20.3,118.4,63.3,42.08,87.42,60,1,62.06
11,1,92,2532.8,72.4,146.0,3.44,3.82,2.7,30.0,60.2,24.4,145.1,63.32,41.46,86.92,60,1,78.21
12,1,93,2559.2,73.1,157.4,3.78,4.75,2.83,33.0,66.8,26.7,155.0,64.01,42.5,87.24,60,1,88.76
13,1,93,2557.4,73.1,172.5,4.15,5.73,3.0,36.0,71.1,29.9,162.3,63.88,42.71,86.84,60,1,103.34
14,1,92,2528.3,72.2,186.6,4.55,6.5,3.05,39.0,76.2,34.0,176.5,65.12,43.12,86.05,60,1,115.26
15,1,92,2525.4,72.2,202.0,5.03,8.73,2.96,42.0,84.6,36.6,187.1,65.56,43.12,86.61,60,1,127.72
16,1,92,2527.4,72.2,215.4,5.27,10.04,3.36,45.0,93.2,38.1,200.4,66.26,43.54,86.13,60,1,139.22
17,1,91,2507.0,71.6,231.5,5.8,12.28,3.57,48.0,100.5,42.3,219.1,66.19,43.54,85.34,60,1,151.76
18,1,90,2475.7,70.7,246.2,6.65,12.91,4.25,51.0,100.1,45.4,228.0,65.35,43.96,85.18,60,1,162.25
19,1,92,2529.9,72.3,256.0,7.14,15.93,4.33,54.0,107.8,48.9,242.0,67.74,44.79,86.1,60,1,170.07
20,1,91,2503.7,71.5,271.1,7.74,17.94,4.45,57.0,113.7,51.2,256.3,67.67,44.79,84.89,60,1,183.64
4,1,70,1924.0,55.0,61.0,1.66,2.0,1.54,9.0,17.9,11.6,1.6,45.12,30.0,32.97,60,2,0.02
5,1,87,2394.4,68.4,62.1,1.75,2.58,1.64,12.0,22.8,8.5,4.5,55.33,37.08,40.35,60,2,0.19
6,1,104,2858.6,81.7,62.0,2.09,2.15,1.4,15.0,28.0,9.9,5.6,66.93,44.58,48.78,60,2,0.12
7,1,119,3274.2,93.5,63.4,2.43,2.73,1.86,18.0,37.2,12.6,12.9,77.23,51.04,55.89,60,2,0.32
8,1,132,3629.4,103.7,66.1,2.68,4.83,2.07,21.0,43.4,14.8,12.9,84.98,56.46,61.86,60,2,0.32
9,1,140,3849.4,110.0,71.2,3.62,7.68,2.94,64.9,48.1,18.7,13.4,89.55,60.0,65.37,60,2,0.5
10,1,140,3850.5,110.0,80.9,3.7,16.79,3.15,27.0,76.2,21.5,12.7,90.33,60.21,65.96,60,2,0.62
11,1,140,3847.6,109.9,90.3,3.66,25.9,3.06,30.0,84.2,24.1,13.4,90.09,60.62,65.88,60,2,0.96
12,1,140,3848.7,110.0,100.3,3.82,35.07,3.2,33.0,91.5,27.1,13.8,90.01,60.62,65.34,60,2,0.89
13,1,141,3877.4,110.8,108.9,4.03,44.18,3.25,36.0,102.6,30.7,18.4,89.95,61.25,65.98,60,2,1.03
14,1,140,3855.3,110.2,119.6,4.4,53.08,3.44,39.0,109.6,32.7,14.7,90.6,61.04,65.81,60,2,1.19
15,1,141,3879.2,110.8,128.1,5.04,61.28,3.76,42.0,119.1,35.9,22.8,90.49,61.67,65.86,60,2,1.22
16,1,141,3874.3,110.7,137.9,5.26,70.1,3.9,45.0,126.9,38.7,21.8,90.81,61.67,66.1,60,2,1.82
17,1,141,3878.8,110.8,146.1,6.01,77.18,4.3,66.3,137.4,67.6,23.8,90.45,62.08,66.33,60,2,1.95
18,1,140,3844.1,109.8,157.0,6.11,87.71,4.35,51.0,147.2,45.0,25.5,90.34,61.88,66.16,60,2,1.91
19,1,142,3902.7,111.5,163.7,7.02,92.14,5.23,54.0,152.6,64.2,27.6,90.89,62.71,66.88,60,2,2.05
20,1,141,3879.3,110.8,173.3,6.9,101.52,4.68,57.0,161.7,63.8,28.9,90.5,62.71,66.02,60,2,2.58
4,1,71,1954.3,55.8,60.3,1.77,1.25,1.63,11.3,18.1,6.3,0.0,44.87,30.0,21.99,60,3,0.0
5,1,87,2395.9,68.5,61.9,1.98,2.41,1.56,12.0,23.4,14.4,0.0,55.83,36.88,27.3,60,3,0.0
6,1,104,2859.7,81.7,61.4,2.08,2.76,1.22,15.0,29.5,9.1,0.0,67.99,44.79,32.13,60,3,0.0
7,1,120,3299.6,94.3,63.0,2.43,3.09,1.57,18.0,35.4,12.3,0.0,77.55,51.46,37.35,60,3,0.0
8,1,131,3602.6,102.9,66.5,2.8,5.54,2.21,21.0,46.0,14.4,0.7,84.49,56.04,41.18,60,3,0.01
9,1,139,3819.9,109.1,72.0,3.06,9.79,2.64,24.0,47.3,17.4,2.7,89.55,59.38,43.56,60,3,0.02
10,1,139,3822.7,109.2,81.7,3.6,17.51,3.33,27.0,76.6,64.1,4.2,89.83,59.79,43.32,60,3,0.05
11,1,140,3845.3,109.9,90.9,4.07,26.82,3.16,30.0,87.2,23.2,1.3,90.97,60.21,43.8,60,3,0.01
12,1,140,3854.4,110.1,100.4,4.17,35.48,3.38,33.0,93.9,27.9,4.5,90.11,60.62,44.27,60,3,0.09
13,1,141,3873.1,110.7,109.7,4.52,44.75,3.51,36.0,102.0,30.4,2.8,90.32,60.83,43.86,60,3,0.05
14,1,141,3881.4,110.9,118.7,4.93,52.45,3.88,39.0,115.9,33.0,5.3,90.71,61.25,44.42,60,3,0.09
15,1,141,3877.5,110.8,128.8,4.92,62.68,3.54,42.0,121.7,35.9,2.1,89.8,61.25,43.75,60,3,0.04
16,1,139,3828.2,109.4,139.9,5.15,74.06,3.68,45.0,136.5,38.3,8.7,89.85,60.83,43.31,60,3,0.16
17,1,142,3906.3,111.6,145.5,6.04,78.28,4.38,48.0,135.7,41.7,9.7,91.31,62.29,43.86,60,3,0.19
18,1,140,3850.6,110.0,156.9,6.27,89.33,4.33,51.0,145.2,45.1,8.1,90.44,61.88,43.65,60,3,0.29
19,1,141,3878.9,110.8,164.7,6.7,96.05,4.5,54.0,150.5,47.8,12.4,90.17,62.5,43.92,60,3,0.41
20,1,140,3845.1,109.9,175.4,6.93,105.9,5.03,57.0,169.7,50.4,11.2,90.38,62.29,43.81,60,3,0.46
4,2,69,1897.0,54.2,61.9,1.51,0.13,1.73,9.0,3.7,8.2,28.2,22.47,29.79,64.15,60,1,2.74
5,2,83,2280.2,65.1,65.1,1.88,0.13,2.07,12.0,6.4,7.0,46.2,26.76,35.62,78.34,60,1,5.03
6,2,94,2583.4,73.8,70.9,2.41,0.18,2.72,15.0,6.2,11.9,48.9,30.22,40.21,88.69,60,1,9.06
7,2,95,2612.3,74.6,84.3,2.5,0.33,2.77,18.0,9.3,11.6,76.1,31.16,41.04,89.01,60,1,21.82
8,2,95,2611.1,74.6,98.4,2.74,0.34,3.34,21.0,9.3,15.7,89.4,31.03,41.46,88.3,60,1,34.82
9,2,93,2561.2,73.2,115.3,2.95,0.51,3.37,24.0,11.3,18.8,106.2,30.77,41.04,87.72,60,1,50.96
10,2,93,2560.4,73.2,129.1,3.29,0.71,3.76,27.0,13.5,21.9,119.7,31.45,41.67,86.94,60,1,64.04
11,2,94,2582.7,73.8,142.7,3.31,0.88,4.18,30.0,15.6,25.0,130.1,31.96,42.29,87.94,60,1,77.15
12,2,95,2609.7,74.6,154.9,3.96,0.82,4.9,33.0,13.7,27.5,145.2,32.14,43.12,88.61,60,1,88.31
13,2,92,2529.6,72.3,173.6,3.97,0.96,5.27,36.0,15.8,31.0,168.3,31.72,42.5,85.47,60,1,106.14
14,2,93,2557.4,73.1,185.2,4.72,1.37,5.51,39.0,18.0,32.7,172.4,32.38,43.33,86.65,60,1,116.41
15,2,92,2530.4,72.3,201.8,5.05,1.76,6.23,42.0,21.7,35.8,197.1,32.73,43.12,86.26,60,1,131.47
16,2,93,2548.2,72.8,212.9,5.58,1.91,6.72,45.0,23.0,38.5,205.0,33.35,43.96,87.49,60,1,140.78
17,2,92,2528.6,72.2,228.5,5.91,2.01,7.7,48.0,22.0,42.6,222.7,32.91,43.96,85.48,60,1,155.96
18,2,92,2528.0,72.2,240.4,6.45,2.36,8.32,51.0,25.4,45.6,232.2,33.59,44.79,86.25,60,1,166.57
19,2,91,2503.7,71.5,256.4,7.24,2.59,9.4,54.0,28.4,48.7,252.2,33.42,44.79,84.91,60,1,180.16
20,2,92,2527.8,72.2,269.2,7.95,2.64,10.63,57.0,25.1,51.7,260.0,33.88,45.21,86.38,60,1,190.24
4,2,70,1925.4,55.0,60.9,1.76,0.16,1.92,9.0,4.5,8.6,8.0,22.71,30.0,32.97,60,2,0.67
5,2,89,2447.2,69.9,59.3,1.97,0.14,1.76,12.0,5.1,6.9,12.0,29.06,38.54,41.6,60,2,0.57
6,2,103,2841.4,81.2,62.0,2.77,0.27,2.05,15.0,5.9,9.3,11.4,33.97,44.58,48.59,60,2,0.62
7,2,121,3324.5,95.0,62.3,2.48,0.23,2.66,18.0,8.8,12.7,17.1,39.12,51.67,56.35,60,2,1.21
8,2,135,3715.5,106.2,64.5,3.39,0.3,3.34,21.0,9.9,15.5,17.9,42.85,57.5,64.05,60,2,1.47
9,2,146,4015.2,114.7,67.4,4.19,0.38,4.97,24.0,12.6,64.9,28.9,46.96,62.5,68.44,60,2,2.17
10,2,157,4317.5,123.4,70.0,5.45,0.5,5.36,27.0,12.1,20.8,28.4,50.74,67.5,73.41,60,2,2.34
11,2,165,4533.4,129.5,74.6,7.06,0.57,7.9,30.0,14.3,66.2,33.8,52.7,70.42,77.7,60,2,2.87
12,2,170,4676.1,133.6,80.1,9.87,0.54,10.13,69.9,13.9,72.7,32.7,54.51,72.5,79.62,60,2,3.43
13,2,173,4746.9,135.6,86.3,12.09,0.72,11.57,74.5,19.2,74.9,41.9,56.25,74.17,81.08,60,2,5.3
14,2,176,4843.3,138.4,92.0,13.68,0.82,13.87,74.0,16.8,75.8,47.1,56.72,75.62,82.16,60,2,6.84
15,2,179,4914.6,140.4,97.9,15.61,0.93,15.0,76.1,19.9,69.1,77.6,58.51,77.08,83.95,60,2,9.3
16,2,181,4979.7,142.3,104.2,17.94,1.14,19.11,76.7,21.8,78.8,47.7,59.22,77.92,84.67,60,2,8.99
17,2,182,5001.0,142.9,111.0,17.62,1.11,18.5,77.9,24.6,80.2,89.4,59.47,78.75,85.09,60,2,15.74
18,2,181,4977.9,142.2,119.0,20.43,1.24,20.81,80.8,23.9,79.0,105.1,59.51,78.54,84.85,60,2,19.11
19,2,181,4972.9,142.1,126.0,19.34,1.49,20.42,76.2,26.2,78.8,107.8,60.07,79.17,84.86,60,2,26.89
20,2,183,5035.2,143.9,132.2,22.41,1.45,23.03,83.6,26.3,82.0,111.0,60.19,79.79,85.33,60,2,27.97
4,2,70,1923.4,55.0,60.8,1.98,0.13,2.5,9.0,2.9,11.1,1.1,22.38,30.0,21.9,60,3,0.02
5,2,87,2392.4,68.4,61.3,2.84,0.25,2.54,14.7,6.4,9.7,7.3,28.26,37.5,27.1,60,3,0.2
6,2,105,2884.0,82.4,61.4,2.28,0.4,2.97,15.0,7.2,9.4,9.9,33.77,45.0,32.83,60,3,0.27
7,2,120,3299.4,94.3,62.7,3.1,0.44,3.37,18.0,10.4,18.3,5.1,39.04,51.46,37.07,60,3,0.12
8,2,135,3715.2,106.1,64.2,4.02,0.46,3.59,21.0,9.3,15.3,12.9,43.26,57.5,41.92,60,3,0.43
9,2,148,4074.6,116.4,66.3,4.72,0.49,4.42,24.0,12.2,18.9,12.4,47.55,63.33,46.1,60,3,0.34
10,2,159,4365.0,124.7,69.0,6.32,0.49,5.89,70.8,12.0,21.7,12.3,51.07,68.12,49.56,60,3,0.45
11,2,166,4562.8,130.4,74.2,8.3,0.67,8.91,68.4,15.9,67.5,11.3,52.94,70.83,52.02,60,3,0.5
12,2,172,4737.9,135.4,78.9,10.14,0.89,10.41,63.7,14.9,27.4,14.0,55.6,73.54,53.68,60,3,0.56
13,2,175,4821.1,137.7,84.4,13.3,0.85,13.89,72.1,16.1,69.8,11.9,56.25,75.42,54.42,60,3,0.7
14,2,181,4973.5,142.1,89.1,15.17,1.04,15.82,70.1,20.6,73.0,13.7,58.22,77.5,56.25,60,3,0.63
15,2,182,5013.2,143.2,95.6,18.37,0.99,18.99,76.7,17.8,77.2,15.3,59.28,78.54,56.09,60,3,1.05
16,2,185,5088.4,145.4,101.3,20.23,1.27,22.35,80.8,21.1,85.1,22.9,60.62,79.58,57.81,60,3,1.07
17,2,187,5138.3,146.8,107.0,23.6,1.23,24.73,85.4,24.9,87.8,23.5,60.99,80.62,58.25,60,3,1.36
18,2,189,5199.2,148.5,113.4,26.25,1.36,28.14,90.3,22.9,89.6,22.5,61.73,81.25,59.4,60,3,1.5
19,2,191,5252.6,150.1,119.5,29.05,1.6,31.59,89.3,26.7,91.0,17.0,62.19,81.88,59.59,60,3,1.26
20,2,191,5251.9,150.1,125.8,32.94,1.81,33.9,96.2,27.4,93.8,26.6,62.5,82.5,60.15,60,3,1.67
4,3,69,1902.8,54.4,62.1,1.71,0.0,1.6,9.0,0.0,8.4,27.8,14.87,29.79,65.2,60,1,2.96
5,3,85,2335.8,66.7,64.0,1.85,0.0,2.12,12.0,0.3,9.8,32.1,18.27,36.04,79.2,60,1,4.16
6,3,93,2561.4,73.2,71.2,2.49,0.01,2.62,15.0,0.5,11.2,48.2,19.99,40.21,86.29,60,1,9.2
7,3,94,2587.1,73.9,84.7,3.23,0.01,3.41,63.4,0.7,15.5,56.1,20.47,41.04,87.84,60,1,20.69
8,3,94,2583.6,73.8,99.0,2.54,0.03,3.23,21.0,1.2,15.8,96.0,21.0,41.46,87.71,60,1,36.47
9,3,94,2586.4,73.9,114.2,2.95,0.02,3.74,24.0,0.7,20.6,107.7,20.79,41.46,87.6,60,1,50.02
10,3,92,2532.2,72.3,130.6,2.98,0.03,4.39,27.0,0.9,23.9,120.4,20.65,41.46,86.77,60,1,65.41
11,3,94,2584.5,73.8,142.7,3.68,0.06,4.76,30.0,1.8,25.6,129.1,21.12,42.29,88.08,60,1,77.19
12,3,95,2615.4,74.7,154.2,3.62,0.03,5.65,33.0,1.0,29.5,141.1,21.67,43.12,87.85,60,1,87.83
13,3,93,2562.7,73.2,172.1,4.39,0.07,6.28,36.0,1.8,32.5,166.5,21.5,42.71,87.38,60,1,104.37
14,3,91,2503.2,71.5,189.2,4.8,0.04,6.83,39.0,1.5,34.5,185.9,21.36,42.71,85.51,60,1,119.93
15,3,93,2558.8,73.1,199.8,5.06,0.13,7.8,42.0,1.9,38.3,195.8,22.16,43.54,87.04,60,1,129.83
16,3,91,2501.8,71.5,216.4,5.26,0.05,8.67,45.0,1.2,42.1,215.2,21.69,43.54,84.86,60,1,146.0
17,3,92,2530.1,72.3,229.4,6.03,0.08,9.58,48.0,1.5,44.8,223.7,21.83,43.96,86.24,60,1,155.78
18,3,90,2476.0,70.7,246.8,6.67,0.07,11.03,51.0,1.1,47.7,234.6,21.87,43.54,85.68,60,1,171.79
19,3,90,2476.2,70.7,259.6,7.22,0.15,12.0,54.0,1.8,49.2,248.4,22.37,44.38,85.6,60,1,183.09
20,3,90,2478.4,70.8,273.3,7.62,0.15,12.93,57.0,2.0,52.2,269.8,22.39,44.58,84.13,60,1,194.6
4,3,71,1950.8,55.7,60.3,1.99,0.01,2.09,9.0,0.6,8.8,9.8,15.0,30.0,33.4,60,2,0.64
5,3,88,2423.3,69.2,60.8,2.38,0.02,2.42,14.4,0.8,11.7,12.3,18.84,37.5,41.41,60,2,0.85
6,3,103,2832.3,80.9,62.2,2.57,0.01,2.65,15.0,0.4,10.7,17.8,22.37,44.38,48.3,60,2,0.85
7,3,119,3270.9,93.5,63.7,2.7,0.01,3.33,18.0,0.8,14.0,18.9,25.14,50.83,55.91,60,2,1.69
8,3,135,3704.3,105.8,64.4,3.89,0.02,3.66,67.0,1.0,17.8,21.5,28.57,57.5,63.19,60,2,1.28
9,3,146,4015.5,114.7,67.7,4.91,0.02,4.61,66.5,1.2,19.0,29.2,31.24,62.29,68.42,60,2,2.16
10,3,157,4313.4,123.2,70.8,6.18,0.02,5.96,64.9,1.1,22.3,32.7,33.82,66.88,73.97,60,2,2.74
11,3,164,4508.9,128.8,74.8,7.08,0.02,7.79,30.0,0.9,25.4,39.6,35.63,70.42,76.41,60,2,3.16
12,3,169,4645.8,132.7,80.5,10.03,0.0,10.54,68.1,0.0,70.0,38.8,36.42,72.29,79.19,60,2,3.67
13,3,173,4757.2,135.9,86.0,12.11,0.02,12.06,72.1,1.5,66.2,43.9,37.59,74.38,80.25,60,2,5.33
14,3,176,4832.2,138.1,91.9,14.26,0.04,15.48,73.0,2.4,72.8,44.4,38.15,75.62,82.09,60,2,5.48
15,3,178,4893.6,139.8,98.5,15.99,0.05,16.39,70.8,1.8,73.0,51.5,38.66,76.67,83.44,60,2,8.75
16,3,180,4955.1,141.6,105.0,16.67,0.02,18.48,73.8,1.0,75.5,83.9,39.06,77.5,84.56,60,2,13.2
17,3,181,4983.6,142.4,111.8,17.86,0.05,19.8,78.4,2.5,78.9,96.2,39.49,78.33,84.78,60,2,16.95
18,3,182,5008.1,143.1,118.4,19.38,0.05,21.25,79.6,1.7,80.4,98.3,39.98,78.75,85.31,60,2,20.26
19,3,182,4997.8,142.8,126.0,18.59,0.05,21.33,80.1,1.7,77.8,109.2,39.36,79.17,85.6,60,2,28.42
20,3,182,5018.4,143.4,132.5,22.01,0.08,24.62,83.3,2.4,83.4,98.9,40.88,80.0,84.98,60,2,28.15
4,3,72,1980.5,56.6,60.1,2.32,0.01,1.92,11.2,0.5,6.7,0.0,14.77,30.0,22.32,60,3,0.0
5,3,88,2419.7,69.1,60.8,2.37,0.01,2.58,14.4,0.7,9.5,8.6,19.02,37.71,27.65,60,3,0.2
6,3,102,2801.5,80.0,63.0,3.03,0.02,3.64,15.0,0.9,14.4,6.2,22.07,44.17,31.99,60,3,0.24
7,3,121,3324.2,95.0,61.8,2.93,0.01,3.03,18.0,0.7,14.7,8.3,25.97,52.08,37.78,60,3,0.21
8,3,136,3740.7,106.9,63.8,3.58,0.01,3.6,21.0,0.6,18.7,10.3,29.45,57.92,42.3,60,3,0.3
9,3,148,4062.1,116.1,66.2,4.9,0.02,5.21,24.0,1.6,64.0,9.6,31.9,63.33,46.06,60,3,0.3
10,3,157,4318.6,123.4,70.3,6.35,0.01,7.29,63.7,0.9,68.2,8.8,33.81,67.29,49.18,60,3,0.47
11,3,166,4562.6,130.4,73.8,8.22,0.01,9.11,67.2,1.0,67.6,13.4,35.29,71.04,51.73,60,3,0.5
12,3,172,4731.2,135.2,78.8,10.37,0.04,10.46,71.2,1.7,28.7,16.4,36.86,73.54,53.43,60,3,0.88
13,3,176,4845.6,138.4,84.5,13.61,0.01,13.89,73.6,1.1,70.8,16.8,37.79,75.21,55.2,60,3,0.7
14,3,180,4949.9,141.4,89.8,15.08,0.03,16.96,72.1,1.6,72.7,19.1,38.95,77.08,56.43,60,3,0.87
15,3,183,5031.1,143.7,95.6,18.19,0.02,19.61,75.8,1.2,78.5,17.1,39.57,78.33,57.11,60,3,0.94
16,3,184,5057.5,144.5,102.2,21.3,0.01,23.15,80.9,0.8,85.6,25.1,40.02,78.96,57.95,60,3,1.36
17,3,188,5166.6,147.6,107.0,23.36,0.07,26.36,84.3,2.9,85.8,20.0,40.66,80.62,58.93,60,3,1.19
18,3,189,5197.6,148.5,113.4,26.93,0.03,29.43,90.5,1.4,88.6,23.2,40.92,81.25,58.76,60,3,1.56
19,3,190,5223.6,149.2,119.6,29.66,0.08,32.23,91.5,2.8,92.2,27.1,41.47,81.88,59.03,60,3,1.46
20,3,192,5281.7,150.9,125.4,33.0,0.05,35.24,95.7,2.0,95.2,26.1,41.78,82.71,59.78,60,3,1.76
